,plot,mgmttype,year,cash_crop_planted,tom_C_kgha,corn_C_kgha,wcc_c_kgha,wcc_n_kgha,wheat_c_content_kg_ha,sudangrass_c_kg_ha,compost_applied_tons,Total C_compost,Total K_compost,Total N_compost,Total P_compost,Total S_compost,compost_c_kg_ha,compost_n_kg_ha,compost_phosphorus_kg_ha,compost_s_kg_ha,compost_k_kg_ha,fert_N_kg_ha,fert_P_kg_ha,fert_S_kg_ha,fert_K_kg_ha
1,1_1,LMT,1994,Tomato,560.7824,0,0,0,0,0,0,0,0,0,0,0,0,0,0,0,0,135.6811342,0,163.4770934,0
2,1_2,OMT,1994,Maize,0,5976.299213,1650.63,157.01,0,0,8,18.13,1.8821,1.965,1.34,4788.33,3251.36168,352.39524,240.31024,85.87199489,337.5282856,0,0,0,0
3,1_3,CMT,1994,Tomato,657.153,0,0,0,0,0,0,0,0,0,0,0,0,0,0,0,0,135.6811342,0,163.4770934,0
4,1_4,CMT,1994,Maize,0,6040.629921,0,0,0,0,0,0,0,0,0,0,0,0,0,0,0,314.3491076,0,72.7790322,0
5,2_3,OMT,1994,Tomato,832.446,0,1974.73,175.04,0,0,4,18.13,1.8821,1.965,1.34,4788.33,1625.68084,176.19762,120.15512,42.93599744,168.7641428,0,0,0,0
6,2_4,LMT,1994,Maize,0,5312.480315,1777.27,172.91,0,0,0,0,0,0,0,0,0,0,0,0,0,158.3567143,64.16305825,167.6414994,46.2350625
7,4_4,LMT,1994,Maize,0,5460.301837,2099.3,209.93,0,0,0,0,0,0,0,0,0,0,0,0,0,158.3567143,64.16305825,167.6414994,46.2350625
8,4_5,CMT,1994,Tomato,2300.4,0,0,0,0,0,0,0,0,0,0,0,0,0,0,0,0,135.6811342,0,163.4770934,0
9,5_5,CMT,1994,Maize,0,6594.055118,0,0,0,0,0,0,0,0,0,0,0,0,0,0,0,314.3491076,0,72.7790322,0
10,6_3,LMT,1994,Tomato,1755.6521,0,0,0,0,0,0,0,0,0,0,0,0,0,0,0,0,135.6811342,0,163.4770934,0
11,6_4,OMT,1994,Tomato,2149.2312,0,1683.89,149.01,0,0,4,18.13,1.8821,1.965,1.34,4788.33,1625.68084,176.19762,120.15512,42.93599744,168.7641428,0,0,0,0
12,6_5,OMT,1994,Maize,0,6193.832021,1562.49,129.28,0,0,8,18.13,1.8821,1.965,1.34,4788.33,3251.36168,352.39524,240.31024,85.87199489,337.5282856,0,0,0,0
13,6_7,LMT,1994,Tomato,2094.4728,0,0,0,0,0,0,0,0,0,0,0,0,0,0,0,0,135.6811342,0,163.4770934,0
14,6_8,OMT,1994,Tomato,2345.0598,0,1860.76,170.8,0,0,8,18.13,1.8821,1.965,1.34,4788.33,3251.36168,352.39524,240.31024,85.87199489,337.5282856,0,0,0,0
15,6_9,LMT,1994,Maize,0,5323.274278,1763.89,182,0,0,0,0,0,0,0,0,0,0,0,0,0,158.3567143,64.16305825,167.6414994,46.2350625
16,7_8,CMT,1994,Maize,0,6847.690289,0,0,0,0,0,0,0,0,0,0,0,0,0,0,0,314.3491076,0,72.7790322,0
17,8_8,OMT,1994,Maize,0,6087.349081,1699.88,149.47,0,0,8,18.13,1.8821,1.965,1.34,4788.33,3251.36168,352.39524,240.31024,85.87199489,337.5282856,0,0,0,0
18,8_9,CMT,1994,Tomato,2529.2278,0,0,0,0,0,0,0,0,0,0,0,0,0,0,0,0,135.6811342,0,163.4770934,0
19,1_1,LMT,1995,Maize,0,4189.228346,1616.88,162.49,0,0,0,0,0,0,0,0,0,0,0,0,0,158.3567143,64.16305825,167.6414994,46.2350625
20,1_2,OMT,1995,Tomato,1744.922,0,1602,150.71,0,0,4.5,25.23,1.8821,1.965,1.34,4788.33,2545.114095,198.2223225,135.17451,48.30299712,189.8596607,0,0,0,0
21,1_3,CMT,1995,Maize,0,5631.200787,0,0,0,0,0,0,0,0,0,0,0,0,0,0,0,280.8356926,0,64.8232389,0
22,1_4,CMT,1995,Tomato,1662.965,0,0,0,0,0,0,0,0,0,0,0,0,0,0,0,0,237.3825798,0,272.0941835,0
23,2_3,OMT,1995,Maize,0,5986.984252,1617.1,165.29,0,0,12,25.23,1.8821,1.965,1.34,4788.33,6786.97092,528.59286,360.46536,128.8079923,506.2924284,0,0,0,0
24,2_4,LMT,1995,Tomato,1644.6392,0,0,0,0,0,0,0,0,0,0,0,0,0,0,0,0,237.3825798,0,272.0941835,0
25,4_4,LMT,1995,Tomato,1815.2073,0,0,0,0,0,0,0,0,0,0,0,0,0,0,0,0,237.3825798,0,272.0941835,0
26,4_5,CMT,1995,Maize,0,5364.908136,0,0,0,0,0,0,0,0,0,0,0,0,0,0,0,280.8356926,0,64.8232389,0
27,5_5,CMT,1995,Tomato,2054.9672,0,0,0,0,0,0,0,0,0,0,0,0,0,0,0,0,237.3825798,0,272.0941835,0
28,6_3,LMT,1995,Maize,0,4832.169291,1334.91,131.17,0,0,0,0,0,0,0,0,0,0,0,0,0,158.3567143,64.16305825,167.6414994,46.2350625
29,6_4,OMT,1995,Maize,0,5733.248031,1406.86,134.17,0,0,12,25.23,1.8821,1.965,1.34,4788.33,6786.97092,528.59286,360.46536,128.8079923,506.2924284,0,0,0,0
30,6_5,OMT,1995,Tomato,2102.7825,0,1482.85,147.92,0,0,4.5,25.23,1.8821,1.965,1.34,4788.33,2545.114095,198.2223225,135.17451,48.30299712,189.8596607,0,0,0,0
31,6_7,LMT,1995,Maize,0,4728.425197,1357.7,134.42,0,0,0,0,0,0,0,0,0,0,0,0,0,158.3567143,64.16305825,167.6414994,46.2350625
32,6_8,OMT,1995,Maize,0,6155.458005,1522.75,151.53,0,0,12,25.23,1.8821,1.965,1.34,4788.33,6786.97092,528.59286,360.46536,128.8079923,506.2924284,0,0,0,0
33,6_9,LMT,1995,Tomato,2295.837,0,0,0,0,0,0,0,0,0,0,0,0,0,0,0,0,237.3825798,0,272.0941835,0
34,7_8,CMT,1995,Tomato,2135.5,0,0,0,0,0,0,0,0,0,0,0,0,0,0,0,0,237.3825798,0,272.0941835,0
35,8_8,OMT,1995,Tomato,2101.8228,0,1414.45,133,0,0,4.5,25.23,1.8821,1.965,1.34,4788.33,2545.114095,198.2223225,135.17451,48.30299712,189.8596607,0,0,0,0
36,8_9,CMT,1995,Maize,0,6355.600394,0,0,0,0,0,0,0,0,0,0,0,0,0,0,0,280.8356926,0,64.8232389,0
37,1_1,LMT,1996,Tomato,4577,0,1124.483,103.015,0,0,0,0,0,0,0,0,0,0,0,0,0,159.3422777,46.2350625,148.4487366,46.2350625
38,1_2,OMT,1996,Maize,0,4497.224409,1975.54,163.69,0,0,8.8,22.04,1.8821,1.965,1.34,4788.33,4347.821984,387.634764,264.341264,94.45919438,371.2811142,0,0,0,0
39,1_3,CMT,1996,Tomato,2355.5538,0,0,0,0,0,0,0,0,0,0,0,0,0,0,0,0,159.3422777,46.2350625,148.4487366,46.2350625
40,1_4,CMT,1996,Maize,0,3826.696194,0,0,0,0,0,0,0,0,0,0,0,0,0,0,0,235.4636846,0,64.8232389,0
41,2_3,OMT,1996,Tomato,2061.9872,0,801.67,78.24,0,0,3,22.04,1.8821,1.965,1.34,4788.33,1482.21204,132.148215,90.11634,32.20199808,126.5731071,0,0,0,0
42,2_4,LMT,1996,Maize,0,3789.480315,1410.05,125.96,0,0,0,0,0,0,0,0,0,0,0,0,0,158.3567143,64.16305825,167.6414994,46.2350625
43,4_4,LMT,1996,Maize,0,4376.325459,1741.01,157.62,0,0,0,0,0,0,0,0,0,0,0,0,0,158.3567143,64.16305825,167.6414994,46.2350625
44,4_5,CMT,1996,Tomato,3242.6,0,0,0,0,0,0,0,0,0,0,0,0,0,0,0,0,159.3422777,46.2350625,148.4487366,46.2350625
45,5_5,CMT,1996,Maize,0,4023.681102,0,0,0,0,0,0,0,0,0,0,0,0,0,0,0,235.4636846,0,64.8232389,0
46,6_3,LMT,1996,Tomato,3328.7914,0,1124.483,103.015,0,0,0,0,0,0,0,0,0,0,0,0,0,159.3422777,46.2350625,148.4487366,46.2350625
47,6_4,OMT,1996,Tomato,3044.9352,0,1100.09,100.22,0,0,3,22.04,1.8821,1.965,1.34,4788.33,1482.21204,132.148215,90.11634,32.20199808,126.5731071,0,0,0,0
48,6_5,OMT,1996,Maize,0,4901.233596,1556.21,131.36,0,0,8.8,22.04,1.8821,1.965,1.34,4788.33,4347.821984,387.634764,264.341264,94.45919438,371.2811142,0,0,0,0
49,6_7,LMT,1996,Tomato,2788.6932,0,0,0,0,0,0,0,0,0,0,0,0,0,0,0,0,159.3422777,46.2350625,148.4487366,46.2350625
50,6_8,OMT,1996,Tomato,2844.99,0,1414.73,126.78,0,0,3,22.04,1.8821,1.965,1.34,4788.33,1482.21204,132.148215,90.11634,32.20199808,126.5731071,0,0,0,0
51,6_9,LMT,1996,Maize,0,4106.762467,1346.87,128.48,0,0,0,0,0,0,0,0,0,0,0,0,0,158.3567143,64.16305825,167.6414994,46.2350625
52,7_8,CMT,1996,Maize,0,3709,0,0,0,0,0,0,0,0,0,0,0,0,0,0,0,235.4636846,0,64.8232389,0
53,8_8,OMT,1996,Maize,0,3841.03937,1330.38,118.43,0,0,8.8,22.04,1.8821,1.965,1.34,4788.33,4347.821984,387.634764,264.341264,94.45919438,371.2811142,0,0,0,0
54,8_9,CMT,1996,Tomato,2694.6874,0,0,0,0,0,0,0,0,0,0,0,0,0,0,0,0,159.3422777,46.2350625,148.4487366,46.2350625
55,1_1,LMT,1997,Maize,0,4310.791667,2225.12,216.14,0,0,0,0,0,0,0,0,0,0,0,0,0,158.3567143,64.16305825,167.6414994,46.2350625
56,1_2,OMT,1997,Tomato,1913.6988,0,1315.55,114.04,0,0,4,23.26,1.8821,1.965,1.34,4788.33,2085.67768,176.19762,120.15512,42.93599744,168.7641428,0,0,0,0
57,1_3,CMT,1997,Maize,0,5378.417717,0,0,0,0,0,0,0,0,0,0,0,0,0,0,0,243.1908245,46.2350625,18.80225875,46.2350625
58,1_4,CMT,1997,Tomato,1028.3826,0,0,0,0,0,0,0,0,0,0,0,0,0,0,0,0,161.6471936,46.2350625,151.0906921,46.2350625
59,2_3,OMT,1997,Maize,0,4817.289108,2114.26,185.69,0,0,7,23.26,1.8821,1.965,1.34,4788.33,3649.93594,308.345835,210.27146,75.13799553,295.3372499,0,0,0,0
60,2_4,LMT,1997,Tomato,1894.3171,0,0,0,0,0,0,0,0,0,0,0,0,0,0,0,0,161.6471936,46.2350625,151.0906921,46.2350625
61,4_4,LMT,1997,Tomato,2162.5162,0,0,0,0,0,0,0,0,0,0,0,0,0,0,0,0,161.6471936,46.2350625,151.0906921,46.2350625
62,4_5,CMT,1997,Maize,0,6060.188976,0,0,0,0,0,0,0,0,0,0,0,0,0,0,0,243.1908245,46.2350625,18.80225875,46.2350625
63,5_5,CMT,1997,Tomato,2118.991,0,0,0,0,0,0,0,0,0,0,0,0,0,0,0,0,161.6471936,46.2350625,151.0906921,46.2350625
64,6_3,LMT,1997,Maize,0,5097.125,2308.53,227.52,0,0,0,0,0,0,0,0,0,0,0,0,0,158.3567143,64.16305825,167.6414994,46.2350625
65,6_4,OMT,1997,Maize,0,5639.34252,2313.47,226.93,0,0,7,23.26,1.8821,1.965,1.34,4788.33,3649.93594,308.345835,210.27146,75.13799553,295.3372499,0,0,0,0
66,6_5,OMT,1997,Tomato,2189.574,0,1965.84,186.21,0,0,4,23.26,1.8821,1.965,1.34,4788.33,2085.67768,176.19762,120.15512,42.93599744,168.7641428,0,0,0,0
67,6_7,LMT,1997,Maize,0,4866.841667,2275.65,203.67,0,0,0,0,0,0,0,0,0,0,0,0,0,158.3567143,64.16305825,167.6414994,46.2350625
68,6_8,OMT,1997,Maize,0,5706.677953,2212.96,209.73,0,0,7,23.26,1.8821,1.965,1.34,4788.33,3649.93594,308.345835,210.27146,75.13799553,295.3372499,0,0,0,0
69,6_9,LMT,1997,Tomato,1784.6829,0,0,0,0,0,0,0,0,0,0,0,0,0,0,0,0,161.6471936,46.2350625,151.0906921,46.2350625
70,7_8,CMT,1997,Tomato,2277.5,0,0,0,0,0,0,0,0,0,0,0,0,0,0,0,0,161.6471936,46.2350625,151.0906921,46.2350625
71,8_8,OMT,1997,Tomato,2540.3508,0,2029.16,182.82,0,0,4,23.26,1.8821,1.965,1.34,4788.33,2085.67768,176.19762,120.15512,42.93599744,168.7641428,0,0,0,0
72,8_9,CMT,1997,Maize,0,5900.267323,0,0,0,0,0,0,0,0,0,0,0,0,0,0,0,243.1908245,46.2350625,18.80225875,46.2350625
73,1_1,LMT,1998,Tomato,2363.0217,0,0,0,0,0,0,0,0,0,0,0,0,0,0,0,0,159.3422777,46.2350625,148.4487366,46.2350625
74,1_2,OMT,1998,Maize,0,4503.057087,1980.05,159.66,0,0,4.7,18.866,1.8821,1.965,1.34,4788.33,1987.719873,207.0322035,141.182266,50.449797,198.2978678,0,0,0,0
75,1_3,CMT,1998,Tomato,1777.6696,0,0,0,0,0,0,0,0,0,0,0,0,0,0,0,0,159.3422777,46.2350625,148.4487366,46.2350625
76,1_4,CMT,1998,Maize,0,4180.408136,0,0,0,0,0,0,0,0,0,0,0,0,0,0,0,225.6607305,46.2350625,18.80225875,46.2350625
77,2_3,OMT,1998,Tomato,2288.2068,0,1627.68,142.28,0,0,4.7,18.866,1.8821,1.965,1.34,4788.33,1987.719873,207.0322035,141.182266,50.449797,198.2978678,0,0,0,0
78,2_4,LMT,1998,Maize,0,4639.366667,1547.67,136.07,0,0,0,0,0,0,0,0,0,0,0,0,0,158.3567143,64.16305825,167.6414994,46.2350625
79,4_4,LMT,1998,Maize,0,4639.366667,1583.6,156.69,0,0,0,0,0,0,0,0,0,0,0,0,0,158.3567143,64.16305825,167.6414994,46.2350625
80,4_5,CMT,1998,Tomato,1938.573,0,0,0,0,0,0,0,0,0,0,0,0,0,0,0,0,159.3422777,46.2350625,148.4487366,46.2350625
81,5_5,CMT,1998,Maize,0,4472.195013,0,0,0,0,0,0,0,0,0,0,0,0,0,0,0,225.6607305,46.2350625,18.80225875,46.2350625
82,6_3,LMT,1998,Tomato,2039.6376,0,0,0,0,0,0,0,0,0,0,0,0,0,0,0,0,159.3422777,46.2350625,148.4487366,46.2350625
83,6_4,OMT,1998,Tomato,2106.8856,0,1382.05,149.47,0,0,4.7,18.866,1.8821,1.965,1.34,4788.33,1987.719873,207.0322035,141.182266,50.449797,198.2978678,0,0,0,0
84,6_5,OMT,1998,Maize,0,4547.947375,1524.77,135.15,0,0,4.7,18.866,1.8821,1.965,1.34,4788.33,1987.719873,207.0322035,141.182266,50.449797,198.2978678,0,0,0,0
85,6_7,LMT,1998,Tomato,2058.4005,0,0,0,0,0,0,0,0,0,0,0,0,0,0,0,0,113.1072152,0,129.6464778,0
86,6_8,OMT,1998,Tomato,1619.6544,0,1488.8,113.46,0,0,4.7,18.866,1.8821,1.965,1.34,4788.33,1987.719873,207.0322035,141.182266,50.449797,198.2978678,0,0,0,0
87,6_9,LMT,1998,Maize,0,5206.65,1755.82,171.6,0,0,0,0,0,0,0,0,0,0,0,0,0,158.3567143,64.16305825,167.6414994,46.2350625
88,7_8,CMT,1998,Maize,0,4649,0,0,0,0,0,0,0,0,0,0,0,0,0,0,0,225.6607305,46.2350625,18.80225875,46.2350625
89,8_8,OMT,1998,Maize,0,5137.132415,1316.23,105.12,0,0,4.7,18.866,1.8821,1.965,1.34,4788.33,1987.719873,207.0322035,141.182266,50.449797,198.2978678,0,0,0,0
90,8_9,CMT,1998,Tomato,2184.8988,0,0,0,0,0,0,0,0,0,0,0,0,0,0,0,0,159.3422777,46.2350625,148.4487366,46.2350625
91,1_1,LMT,1999,Maize,0,4622.516667,1629.03,154.79,0,0,0,0,0,0,0,0,0,0,0,0,0,0,111.972915,0,0
92,1_2,OMT,1999,Tomato,2116.8972,0,1553.263,134.19,0,0,4.7,18.866,1.8821,1.965,1.34,4788.33,1987.719873,207.0322035,141.182266,50.449797,198.2978678,0,0,0,0
93,1_3,CMT,1999,Maize,0,5687.038451,0,0,0,0,0,0,0,0,0,0,0,0,0,0,0,130.2763955,158.2079775,18.80225875,46.2350625
94,1_4,CMT,1999,Tomato,1095.0268,0,0,0,0,0,0,0,0,0,0,0,0,0,0,0,0,112.1567344,0,128.5570116,0
95,2_3,OMT,1999,Maize,0,4500.251444,1553.263,134.19,0,0,4.7,18.866,1.8821,1.965,1.34,4788.33,1987.719873,207.0322035,141.182266,50.449797,198.2978678,0,0,0,0
96,2_4,LMT,1999,Tomato,1481.1654,0,1629.03,154.79,0,0,0,0,0,0,0,0,0,0,0,0,0,112.1567344,0,128.5570116,0
97,4_4,LMT,1999,Tomato,2054.7215,0,1629.03,154.79,0,0,0,0,0,0,0,0,0,0,0,0,0,112.1567344,0,128.5570116,0
98,4_5,CMT,1999,Maize,0,4977.210761,0,0,0,0,0,0,0,0,0,0,0,0,0,0,0,130.2763955,158.2079775,18.80225875,46.2350625
99,5_5,CMT,1999,Tomato,1711.7618,0,0,0,0,0,0,0,0,0,0,0,0,0,0,0,0,112.1567344,0,128.5570116,0
100,6_3,LMT,1999,Maize,0,4198.458333,1629.03,154.79,0,0,0,0,0,0,0,0,0,0,0,0,0,0,111.972915,0,0
101,6_4,OMT,1999,Maize,0,4480.611942,1553.263,134.19,0,0,4.7,18.866,1.8821,1.965,1.34,4788.33,1987.719873,207.0322035,141.182266,50.449797,198.2978678,0,0,0,0
102,6_5,OMT,1999,Tomato,2120.976,0,1553.263,134.19,0,0,4.7,18.866,1.8821,1.965,1.34,4788.33,1987.719873,207.0322035,141.182266,50.449797,198.2978678,0,0,0,0
103,6_7,LMT,1999,Maize,0,3844.608333,1629.03,154.79,0,0,0,0,0,0,0,0,0,0,0,0,0,0,111.972915,0,0
104,6_8,OMT,1999,Maize,0,4438.527297,1553.263,134.19,0,0,4.7,18.866,1.8821,1.965,1.34,4788.33,1987.719873,207.0322035,141.182266,50.449797,198.2978678,0,0,0,0
105,6_9,LMT,1999,Tomato,1820.7371,0,1629.03,154.79,0,0,0,0,0,0,0,0,0,0,0,0,0,112.1567344,0,128.5570116,0
106,7_8,CMT,1999,Tomato,1466.5,0,0,0,0,0,0,0,0,0,0,0,0,0,0,0,0,112.1567344,0,128.5570116,0
107,8_8,OMT,1999,Tomato,2637.8712,0,1553.263,134.19,0,0,4.7,18.866,1.8821,1.965,1.34,4788.33,1987.719873,207.0322035,141.182266,50.449797,198.2978678,0,0,0,0
108,8_9,CMT,1999,Maize,0,4954.765617,0,0,0,0,0,0,0,0,0,0,0,0,0,0,0,130.2763955,158.2079775,18.80225875,46.2350625
109,1_1,LMT,2000,Tomato,305.87,0,0,0,0,0,0,0,0,0,0,0,0,0,0,0,0,158.3917969,46.2350625,147.3592704,46.2350625
110,1_2,OMT,2000,Maize,0,4978.221785,1694.16,118.76,0,0,4,18.866,1.8821,1.965,1.34,4788.33,1691.676488,176.19762,120.15512,42.93599744,168.7641428,0,0,0,0
111,1_3,CMT,2000,Tomato,14158.184,0,0,0,0,0,0,0,0,0,0,0,0,0,0,0,0,158.3917969,46.2350625,147.3592704,46.2350625
112,1_4,CMT,2000,Maize,0,5894.88189,0,0,0,0,0,0,0,0,0,0,0,0,0,0,0,243.7064155,46.2350625,18.80225875,46.2350625
113,2_3,OMT,2000,Tomato,2516.85,0,1578.52,163.04,0,0,4,18.866,1.8821,1.965,1.34,4788.33,1691.676488,176.19762,120.15512,42.93599744,168.7641428,0,0,0,0
114,2_4,LMT,2000,Maize,0,3987.401575,1615.97,114.93,0,0,0,0,0,0,0,0,0,0,0,0,0,158.3567143,64.16305825,167.6414994,46.2350625
115,4_4,LMT,2000,Maize,0,5884.186352,1786.97,150.39,0,0,0,0,0,0,0,0,0,0,0,0,0,158.3567143,64.16305825,167.6414994,46.2350625
116,4_5,CMT,2000,Tomato,3205.152,0,0,0,0,0,0,0,0,0,0,0,0,0,0,0,0,158.3917969,46.2350625,147.3592704,46.2350625
117,5_5,CMT,2000,Maize,0,6212.178478,0,0,0,0,0,0,0,0,0,0,0,0,0,0,0,243.7064155,46.2350625,18.80225875,46.2350625
118,6_3,LMT,2000,Tomato,3847.1,0,0,0,0,0,0,0,0,0,0,0,0,0,0,0,0,158.3917969,46.2350625,147.3592704,46.2350625
119,6_4,OMT,2000,Tomato,2911.26,0,1103.6,94.44,0,0,4,18.866,1.8821,1.965,1.34,4788.33,1691.676488,176.19762,120.15512,42.93599744,168.7641428,0,0,0,0
120,6_5,OMT,2000,Maize,0,5836.666667,1162.89,85.07,0,0,4,18.866,1.8821,1.965,1.34,4788.33,1691.676488,176.19762,120.15512,42.93599744,168.7641428,0,0,0,0
121,6_7,LMT,2000,Tomato,2920.125,0,0,0,0,0,0,0,0,0,0,0,0,0,0,0,0,158.3917969,46.2350625,147.3592704,46.2350625
122,6_8,OMT,2000,Tomato,3040.371,0,1621.59,129.42,0,0,4,18.866,1.8821,1.965,1.34,4788.33,1691.676488,176.19762,120.15512,42.93599744,168.7641428,0,0,0,0
123,6_9,LMT,2000,Maize,0,5848.169291,1790.28,147.86,0,0,0,0,0,0,0,0,0,0,0,0,0,158.3567143,64.16305825,167.6414994,46.2350625
124,7_8,CMT,2000,Maize,0,6069,0,0,0,0,0,0,0,0,0,0,0,0,0,0,0,243.7064155,46.2350625,18.80225875,46.2350625
125,8_8,OMT,2000,Maize,0,6331.738845,1572.18,123.07,0,0,4,18.866,1.8821,1.965,1.34,4788.33,1691.676488,176.19762,120.15512,42.93599744,168.7641428,0,0,0,0
126,8_9,CMT,2000,Tomato,2395.736,0,0,0,0,0,0,0,0,0,0,0,0,0,0,0,0,158.3917969,46.2350625,147.3592704,46.2350625
127,1_1,LMT,2001,Maize,0,5363.916667,1471.76,151.53,0,0,0,0,0,0,0,0,0,0,0,0,0,133.9163559,50.550335,74.1218105,50.550335
128,1_2,OMT,2001,Tomato,2728,0,1581.74,132.77,0,0,4,15.3,1.81,1.98,1.4,4480,1371.9204,177.54264,125.5352,40.171264,162.29908,0,0,0,0
129,1_3,CMT,2001,Maize,0,6152.775197,0,0,0,0,0,0,0,0,0,0,0,0,0,0,0,225.6607305,46.2350625,18.80225875,46.2350625
130,1_4,CMT,2001,Tomato,2387.0406,0,0,0,0,0,0,0,0,0,0,0,0,0,0,0,0,158.3917969,46.2350625,147.3592704,46.2350625
131,2_3,OMT,2001,Maize,0,6228.527559,1861.58,110.35,0,0,4,15.3,1.81,1.98,1.4,4480,1371.9204,177.54264,125.5352,40.171264,162.29908,0,0,0,0
132,2_4,LMT,2001,Tomato,2141.5459,0,0,0,0,0,0,0,0,0,0,0,0,0,0,0,0,158.3917969,46.2350625,147.3592704,46.2350625
133,4_4,LMT,2001,Tomato,2645.5689,0,0,0,0,0,0,0,0,0,0,0,0,0,0,0,0,158.3917969,46.2350625,147.3592704,46.2350625
134,4_5,CMT,2001,Maize,0,6691.458661,0,0,0,0,0,0,0,0,0,0,0,0,0,0,0,225.6607305,46.2350625,18.80225875,46.2350625
135,5_5,CMT,2001,Tomato,3593.632,0,0,0,0,0,0,0,0,0,0,0,0,0,0,0,0,158.3917969,46.2350625,147.3592704,46.2350625
136,6_3,LMT,2001,Maize,0,5523.991667,1568.52,154.94,0,0,0,0,0,0,0,0,0,0,0,0,0,133.9163559,50.550335,74.1218105,50.550335
137,6_4,OMT,2001,Maize,0,6004.076115,1542.84,123.66,0,0,4,15.3,1.81,1.98,1.4,4480,1371.9204,177.54264,125.5352,40.171264,162.29908,0,0,0,0
138,6_5,OMT,2001,Tomato,2775.8088,0,1104.15,86.87,0,0,4,15.3,1.81,1.98,1.4,4480,1371.9204,177.54264,125.5352,40.171264,162.29908,0,0,0,0
139,6_7,LMT,2001,Maize,0,5796.4,1631.8,168.01,0,0,0,0,0,0,0,0,0,0,0,0,0,133.9163559,50.550335,74.1218105,50.550335
140,6_8,OMT,2001,Maize,0,6107.884908,1735.41,147.14,0,0,4,15.3,1.81,1.98,1.4,4480,1371.9204,177.54264,125.5352,40.171264,162.29908,0,0,0,0
141,6_9,LMT,2001,Tomato,3125.3105,0,0,0,0,0,0,0,0,0,0,0,0,0,0,0,0,158.3917969,46.2350625,147.3592704,46.2350625
142,7_8,CMT,2001,Tomato,2827,0,0,0,0,0,0,0,0,0,0,0,0,0,0,0,0,158.3917969,46.2350625,147.3592704,46.2350625
143,8_8,OMT,2001,Tomato,3121.0236,0,1204.84,82.17,0,0,4,15.3,1.81,1.98,1.4,4480,1371.9204,177.54264,125.5352,40.171264,162.29908,0,0,0,0
144,8_9,CMT,2001,Maize,0,6573.621654,0,0,0,0,0,0,0,0,0,0,0,0,0,0,0,225.6607305,46.2350625,18.80225875,46.2350625
145,1_1,LMT,2002,Tomato,2121.3114,0,0,0,0,0,0,0,0,0,0,0,0,0,0,0,0,162.5949844,50.43825,149.0685666,50.43825
146,1_2,OMT,2002,Maize,0,5745.956955,1769.17,154.32,0,0,4,16.7,1.79,1.88,1.4,4420,1497.4556,168.57584,125.5352,39.633256,160.50572,0,0,0,0
147,1_3,CMT,2002,Tomato,2527.693,0,0,0,0,0,0,0,0,0,0,0,0,0,0,0,0,162.5949844,50.43825,149.0685666,50.43825
148,1_4,CMT,2002,Maize,0,5588.840945,0,0,0,0,0,0,0,0,0,0,0,0,0,0,0,218.520916,50.43825,20.511555,50.43825
149,2_3,OMT,2002,Tomato,1977.4764,0,1260.27,104.52,0,0,4,16.7,1.79,1.88,1.4,4420,1497.4556,168.57584,125.5352,39.633256,160.50572,0,0,0,0
150,2_4,LMT,2002,Maize,0,4254.625,1099.75,83.35,0,0,0,0,0,0,0,0,0,0,0,0,0,133.9163559,50.550335,74.1218105,50.550335
151,4_4,LMT,2002,Maize,0,5195.416667,1362.28,117.62,0,0,0,0,0,0,0,0,0,0,0,0,0,133.9163559,50.550335,74.1218105,50.550335
152,4_5,CMT,2002,Tomato,2907.6754,0,0,0,0,0,0,0,0,0,0,0,0,0,0,0,0,162.5949844,50.43825,149.0685666,50.43825
153,5_5,CMT,2002,Maize,0,6450.17336,0,0,0,0,0,0,0,0,0,0,0,0,0,0,0,218.520916,50.43825,20.511555,50.43825
154,6_3,LMT,2002,Tomato,3500.2006,0,783.27,69.072,0,0,0,0,0,0,0,0,0,0,0,0,0,162.5949844,50.43825,149.0685666,50.43825
155,6_4,OMT,2002,Tomato,2209.968,0,1423.93,123.29,0,0,4,16.7,1.79,1.88,1.4,4420,1497.4556,168.57584,125.5352,39.633256,160.50572,0,0,0,0
156,6_5,OMT,2002,Maize,0,5572.007087,1483.12,135.06,0,0,4,16.7,1.79,1.88,1.4,4420,1497.4556,168.57584,125.5352,39.633256,160.50572,0,0,0,0
157,6_7,LMT,2002,Tomato,2748.9488,0,0,0,0,0,0,0,0,0,0,0,0,0,0,0,0,162.5949844,50.43825,149.0685666,50.43825
158,6_8,OMT,2002,Tomato,2399.8176,0,1498.41,141.84,0,0,4,16.7,1.79,1.88,1.4,4420,1497.4556,168.57584,125.5352,39.633256,160.50572,0,0,0,0
159,6_9,LMT,2002,Maize,0,5055,1454.32,144.39,0,0,0,0,0,0,0,0,0,0,0,0,0,133.9163559,50.550335,74.1218105,50.550335
160,7_8,CMT,2002,Maize,0,5589,0,0,0,0,0,0,0,0,0,0,0,0,0,0,0,218.520916,50.43825,20.511555,50.43825
161,8_8,OMT,2002,Maize,0,6054.57769,1289.14,114.11,0,0,4,16.7,1.79,1.88,1.4,4420,1497.4556,168.57584,125.5352,39.633256,160.50572,0,0,0,0
162,8_9,CMT,2002,Tomato,3418.3688,0,0,0,0,0,0,0,0,0,0,0,0,0,0,0,0,162.5949844,50.43825,149.0685666,50.43825
163,1_1,LMT,2003,Maize,0,3805.291667,1487.435,162.55,0,0,0,0,0,0,0,0,0,0,0,0,0,133.9163559,50.550335,74.1218105,50.550335
164,1_2,OMT,2003,Tomato,1920.3732,0,1537.355,157.01,0,0,4,11.1,1.55,1.24,1.23,3760,995.3148,111.18832,110.29164,33.715168,138.9854,0,0,0,0
165,1_3,CMT,2003,Maize,0,5252.16378,0,0,0,0,0,0,0,0,0,0,0,0,0,0,0,235.535419,50.43825,20.511555,50.43825
166,1_4,CMT,2003,Tomato,2656.1948,0,0,0,0,0,0,0,0,0,0,0,0,0,0,0,0,280.2999263,55.9864575,279.8818493,55.9864575
167,2_3,OMT,2003,Maize,0,5142.743701,1587.71,161.87,0,0,4,11.1,1.55,1.24,1.23,3760,995.3148,111.18832,110.29164,33.715168,138.9854,0,0,0,0
168,2_4,LMT,2003,Tomato,2016.092,0,0,0,0,0,0,0,0,0,0,0,0,0,0,0,0,280.2999263,55.9864575,279.8818493,55.9864575
169,4_4,LMT,2003,Tomato,3088.1526,0,0,0,0,0,0,0,0,0,0,0,0,0,0,0,0,280.2999263,55.9864575,279.8818493,55.9864575
170,4_5,CMT,2003,Maize,0,6147.163911,0,0,0,0,0,0,0,0,0,0,0,0,0,0,0,235.535419,50.43825,20.511555,50.43825
171,5_5,CMT,2003,Tomato,2314.5052,0,0,0,0,0,0,0,0,0,0,0,0,0,0,0,0,280.2999263,55.9864575,279.8818493,55.9864575
172,6_3,LMT,2003,Maize,0,4094.55,1325.945,153.23,0,0,0,0,0,0,0,0,0,0,0,0,0,133.9163559,50.550335,74.1218105,50.550335
173,6_4,OMT,2003,Maize,0,5412.085433,1832.77,180.03,0,0,4,11.1,1.55,1.24,1.23,3760,995.3148,111.18832,110.29164,33.715168,138.9854,0,0,0,0
174,6_5,OMT,2003,Tomato,1880.6976,0,1581.975,170.445,0,0,4,11.1,1.55,1.24,1.23,3760,995.3148,111.18832,110.29164,33.715168,138.9854,0,0,0,0
175,6_7,LMT,2003,Maize,0,4083.316667,1346.405,159.205,0,0,0,0,0,0,0,0,0,0,0,0,0,133.9163559,50.550335,74.1218105,50.550335
176,6_8,OMT,2003,Maize,0,5316.69357,1859.705,211.715,0,0,4,11.1,1.55,1.24,1.23,3760,995.3148,111.18832,110.29164,33.715168,138.9854,0,0,0,0
177,6_9,LMT,2003,Tomato,2775.0697,0,0,0,0,0,0,0,0,0,0,0,0,0,0,0,0,280.2999263,55.9864575,279.8818493,55.9864575
178,7_8,CMT,2003,Tomato,2693,0,0,0,0,0,0,0,0,0,0,0,0,0,0,0,0,280.2999263,55.9864575,279.8818493,55.9864575
179,8_8,OMT,2003,Tomato,2354.9508,0,1269.565,146.13,0,0,4,11.1,1.55,1.24,1.23,3760,995.3148,111.18832,110.29164,33.715168,138.9854,0,0,0,0
180,8_9,CMT,2003,Maize,0,5863.793963,0,0,0,0,0,0,0,0,0,0,0,0,0,0,0,235.535419,50.43825,20.511555,50.43825
181,1_1,LMT,2004,Tomato,1509.4937,0,806.695,76.33,0,0,0,0,0,0,0,0,0,0,0,0,0,50.43825,50.43825,20.511555,50.43825
182,1_2,OMT,2004,Maize,0,4421.693438,2417.165,150.645,0,0,4,14.4,2.03,1.47,1.43,5050,1291.2192,131.81196,128.22524,45.28234,182.02604,0,0,0,0
183,1_3,CMT,2004,Tomato,2443.3752,0,0,0,0,0,0,0,0,0,0,0,0,0,0,0,0,162.5949844,50.43825,149.0685666,50.43825
184,1_4,CMT,2004,Maize,0,5137.132415,0,0,0,0,0,0,0,0,0,0,0,0,0,0,0,235.535419,50.43825,20.511555,50.43825
185,2_3,OMT,2004,Tomato,1852.5168,0,1305.71,93.895,0,0,4,14.4,2.03,1.47,1.43,5050,1291.2192,131.81196,128.22524,45.28234,182.02604,0,0,0,0
186,2_4,LMT,2004,Maize,0,4527.033333,1843.92,190.69,0,0,0,0,0,0,0,0,0,0,0,0,0,133.9163559,50.550335,74.1218105,50.550335
187,4_4,LMT,2004,Maize,0,4616.9,1828.33,196.97,0,0,0,0,0,0,0,0,0,0,0,0,0,133.9163559,50.550335,74.1218105,50.550335
188,4_5,CMT,2004,Tomato,2546.4712,0,0,0,0,0,0,0,0,0,0,0,0,0,0,0,0,162.5949844,50.43825,149.0685666,50.43825
189,5_5,CMT,2004,Maize,0,6012.493045,0,0,0,0,0,0,0,0,0,0,0,0,0,0,0,235.535419,50.43825,20.511555,50.43825
190,6_3,LMT,2004,Tomato,2008.734,0,1055.4,62.38,0,0,0,0,0,0,0,0,0,0,0,0,0,50.43825,50.43825,20.511555,50.43825
191,6_4,OMT,2004,Tomato,2040.1416,0,1600.45,121.095,0,0,4,14.4,2.03,1.47,1.43,5050,1291.2192,131.81196,128.22524,45.28234,182.02604,0,0,0,0
192,6_5,OMT,2004,Maize,0,4677.006955,3331.09,210.36,0,0,4,14.4,2.03,1.47,1.43,5050,1291.2192,131.81196,128.22524,45.28234,182.02604,0,0,0,0
193,6_7,LMT,2004,Tomato,1476.3827,0,719.49,60.085,0,0,0,0,0,0,0,0,0,0,0,0,0,50.43825,50.43825,20.511555,50.43825
194,6_8,OMT,2004,Tomato,1693.0728,0,1235.535,97.63,0,0,4,14.4,2.03,1.47,1.43,5050,1291.2192,131.81196,128.22524,45.28234,182.02604,0,0,0,0
195,6_9,LMT,2004,Maize,0,5142.058333,2121.11,240.41,0,0,0,0,0,0,0,0,0,0,0,0,0,133.9163559,50.550335,74.1218105,50.550335
196,7_8,CMT,2004,Maize,0,6161,0,0,0,0,0,0,0,0,0,0,0,0,0,0,0,235.535419,50.43825,20.511555,50.43825
197,8_8,OMT,2004,Maize,0,5013.684121,1590.43,110.615,0,0,4,14.4,2.03,1.47,1.43,5050,1291.2192,131.81196,128.22524,45.28234,182.02604,0,0,0,0
198,8_9,CMT,2004,Tomato,3071.1562,0,0,0,0,0,0,0,0,0,0,0,0,0,0,0,0,162.5949844,50.43825,149.0685666,50.43825
199,1_1,LMT,2005,Maize,0,4642.175,1113.76,110.835,0,0,0,0,0,0,0,0,0,0,0,0,0,133.9163559,50.550335,74.1218105,50.550335
200,1_2,OMT,2005,Tomato,2089.8288,0,1060.8,76.635,0,0,4,18.866,1.8821,1.965,1.34,4788.33,1691.676488,176.19762,120.15512,42.93599744,168.7641428,0,0,0,0
201,1_3,CMT,2005,Maize,0,5616.897375,0,0,0,0,0,0,0,0,0,0,0,0,0,0,0,235.535419,50.43825,20.511555,50.43825
202,1_4,CMT,2005,Tomato,2342.8566,0,0,0,0,0,0,0,0,0,0,0,0,0,0,0,0,162.5949844,50.43825,149.0685666,50.43825
203,2_3,OMT,2005,Maize,0,4954.765617,1255.03,112.815,0,0,4,18.866,1.8821,1.965,1.34,4788.33,1691.676488,176.19762,120.15512,42.93599744,168.7641428,0,0,0,0
204,2_4,LMT,2005,Tomato,2307.8367,0,873.86,74.91,0,0,0,0,0,0,0,0,0,0,0,0,0,50.43825,50.43825,20.511555,50.43825
205,4_4,LMT,2005,Tomato,2024.5537,0,897.19,64.84,0,0,0,0,0,0,0,0,0,0,0,0,0,50.43825,50.43825,20.511555,50.43825
206,4_5,CMT,2005,Maize,0,5877.822178,0,0,0,0,0,0,0,0,0,0,0,0,0,0,0,235.535419,50.43825,20.511555,50.43825
207,5_5,CMT,2005,Tomato,2686.3872,0,0,0,0,0,0,0,0,0,0,0,0,0,0,0,0,162.5949844,50.43825,149.0685666,50.43825
208,6_3,LMT,2005,Maize,0,4805.058333,1101.055,116.68,0,0,0,0,0,0,0,0,0,0,0,0,0,133.9163559,50.550335,74.1218105,50.550335
209,6_4,OMT,2005,Maize,0,6304.279921,1353.54,134.25,0,0,4,18.866,1.8821,1.965,1.34,4788.33,1691.676488,176.19762,120.15512,42.93599744,168.7641428,0,0,0,0
210,6_5,OMT,2005,Tomato,2250.3852,0,1301.56,101.12,0,0,4,18.866,1.8821,1.965,1.34,4788.33,1691.676488,176.19762,120.15512,42.93599744,168.7641428,0,0,0,0
211,6_7,LMT,2005,Maize,0,4824.716667,1057.68,106.06,0,0,0,0,0,0,0,0,0,0,0,0,0,133.9163559,50.550335,74.1218105,50.550335
212,6_8,OMT,2005,Maize,0,5961.99147,1382.42,139.515,0,0,4,18.866,1.8821,1.965,1.34,4788.33,1691.676488,176.19762,120.15512,42.93599744,168.7641428,0,0,0,0
213,6_9,LMT,2005,Tomato,2305.2614,0,860.175,78.525,0,0,0,0,0,0,0,0,0,0,0,0,0,50.43825,50.43825,20.511555,50.43825
214,7_8,CMT,2005,Tomato,2521,0,0,0,0,0,0,0,0,0,0,0,0,0,0,0,0,162.5949844,50.43825,149.0685666,50.43825
215,8_8,OMT,2005,Tomato,2053.1196,0,877.12,83.855,0,0,4,18.866,1.8821,1.965,1.34,4788.33,1691.676488,176.19762,120.15512,42.93599744,168.7641428,0,0,0,0
216,8_9,CMT,2005,Maize,0,5187.63399,0,0,0,0,0,0,0,0,0,0,0,0,0,0,0,235.535419,50.43825,20.511555,50.43825
217,1_1,LMT,2006,Tomato,2758.739,0,1412.595,134.015,0,0,0,0,0,0,0,0,0,0,0,0,0,50.43825,50.43825,20.511555,50.43825
218,1_2,OMT,2006,Maize,0,5575.669291,1539.695,122.735,0,0,4,18.866,1.8821,1.965,1.34,4788.33,1691.676488,176.19762,120.15512,42.93599744,168.7641428,0,0,0,0
219,1_3,CMT,2006,Tomato,1887.52,0,0,0,0,0,0,0,0,0,0,0,0,0,0,0,0,162.5949844,50.43825,149.0685666,50.43825
220,1_4,CMT,2006,Maize,0,5825.62336,0,0,0,0,0,0,0,0,0,0,0,0,0,0,0,235.535419,50.43825,20.511555,50.43825
221,2_3,OMT,2006,Tomato,2863.43,0,1621.115,137.015,0,0,4,18.866,1.8821,1.965,1.34,4788.33,1691.676488,176.19762,120.15512,42.93599744,168.7641428,0,0,0,0
222,2_4,LMT,2006,Maize,0,3884.822835,1794.885,168.415,0,0,0,0,0,0,0,0,0,0,0,0,0,133.9163559,50.550335,74.1218105,50.550335
223,4_4,LMT,2006,Maize,0,4990.944882,1610.98,136.29,0,0,0,0,0,0,0,0,0,0,0,0,0,133.9163559,50.550335,74.1218105,50.550335
224,4_5,CMT,2006,Tomato,2423.26,0,0,0,0,0,0,0,0,0,0,0,0,0,0,0,0,162.5949844,50.43825,149.0685666,50.43825
225,5_5,CMT,2006,Maize,0,5450.787402,0,0,0,0,0,0,0,0,0,0,0,0,0,0,0,235.535419,50.43825,20.511555,50.43825
226,6_3,LMT,2006,Tomato,4006.233,0,1371.145,145.32,0,0,0,0,0,0,0,0,0,0,0,0,0,50.43825,50.43825,20.511555,50.43825
227,6_4,OMT,2006,Tomato,3317.68,0,1909.58,173.895,0,0,4,18.866,1.8821,1.965,1.34,4788.33,1691.676488,176.19762,120.15512,42.93599744,168.7641428,0,0,0,0
228,6_5,OMT,2006,Maize,0,5264.993438,1969.9,162.555,0,0,4,18.866,1.8821,1.965,1.34,4788.33,1691.676488,176.19762,120.15512,42.93599744,168.7641428,0,0,0,0
229,6_7,LMT,2006,Tomato,2211.78,0,1404.18,437.22,0,0,0,0,0,0,0,0,0,0,0,0,0,50.43825,50.43825,20.511555,50.43825
230,6_8,OMT,2006,Tomato,2186.586,0,1851.41,180.105,0,0,4,18.866,1.8821,1.965,1.34,4788.33,1691.676488,176.19762,120.15512,42.93599744,168.7641428,0,0,0,0
231,6_9,LMT,2006,Maize,0,5406.041667,1429.94,143.35,0,0,0,0,0,0,0,0,0,0,0,0,0,133.9163559,50.550335,74.1218105,50.550335
232,7_8,CMT,2006,Maize,0,5598,0,0,0,0,0,0,0,0,0,0,0,0,0,0,0,235.535419,50.43825,20.511555,50.43825
233,8_8,OMT,2006,Maize,0,5866.377953,1761.27,168.645,0,0,4,18.866,1.8821,1.965,1.34,4788.33,1691.676488,176.19762,120.15512,42.93599744,168.7641428,0,0,0,0
234,8_9,CMT,2006,Tomato,4171.505,0,0,0,0,0,0,0,0,0,0,0,0,0,0,0,0,162.5949844,50.43825,149.0685666,50.43825
235,1_1,LMT,2007,Maize,0,4161.95,2002.435,58.985,0,0,0,0,0,0,0,0,0,0,0,0,0,133.9163559,50.550335,74.1218105,50.550335
236,1_2,OMT,2007,Tomato,2941.1856,0,1628.92,79.06,0,0,4,27.6,1.86,2.45,1.08,4620,2474.8368,219.6866,96.84144,41.426616,166.78248,0,0,0,0
237,1_3,CMT,2007,Maize,0,7906.3021,0,0,0,0,0,0,0,0,0,0,0,0,0,0,0,235.535419,50.43825,20.511555,50.43825
238,1_4,CMT,2007,Tomato,3515.9418,0,0,0,0,0,0,0,0,0,0,0,0,0,0,0,0,162.5949844,50.43825,149.0685666,50.43825
239,2_3,OMT,2007,Maize,0,6267.806562,1647.32,56.16,0,0,4,27.6,1.86,2.45,1.08,4620,2474.8368,219.6866,96.84144,41.426616,166.78248,0,0,0,0
240,2_4,LMT,2007,Tomato,1622.439,0,1353.57,58.825,0,0,0,0,0,0,0,0,0,0,0,0,0,50.43825,50.43825,20.511555,50.43825
241,4_4,LMT,2007,Tomato,2590.3839,0,1862.28,74.62,0,0,0,0,0,0,0,0,0,0,0,0,0,50.43825,50.43825,20.511555,50.43825
242,4_5,CMT,2007,Maize,0,7777.24252,0,0,0,0,0,0,0,0,0,0,0,0,0,0,0,235.535419,50.43825,20.511555,50.43825
243,5_5,CMT,2007,Tomato,3139.6414,0,0,0,0,0,0,0,0,0,0,0,0,0,0,0,0,162.5949844,50.43825,149.0685666,50.43825
244,6_3,LMT,2007,Maize,0,5203.841667,1811.655,64.53,0,0,0,0,0,0,0,0,0,0,0,0,0,133.9163559,50.550335,74.1218105,50.550335
245,6_4,OMT,2007,Maize,0,7103.888189,1774,56.705,0,0,4,27.6,1.86,2.45,1.08,4620,2474.8368,219.6866,96.84144,41.426616,166.78248,0,0,0,0
246,6_5,OMT,2007,Tomato,2103.5484,0,1812.14,79.22,0,0,4,27.6,1.86,2.45,1.08,4620,2474.8368,219.6866,96.84144,41.426616,166.78248,0,0,0,0
247,6_7,LMT,2007,Maize,0,4442.783333,2103.685,62.57,0,0,0,0,0,0,0,0,0,0,0,0,0,133.9163559,50.550335,74.1218105,50.550335
248,6_8,OMT,2007,Maize,0,7426.537139,1576.32,66.155,0,0,4,27.6,1.86,2.45,1.08,4620,2474.8368,219.6866,96.84144,41.426616,166.78248,0,0,0,0
249,6_9,LMT,2007,Tomato,2013.1488,0,1726.265,79.655,0,0,0,0,0,0,0,0,0,0,0,0,0,50.43825,50.43825,20.511555,50.43825
250,7_8,CMT,2007,Tomato,3457,0,0,0,0,0,0,0,0,0,0,0,0,0,0,0,0,162.5949844,50.43825,149.0685666,50.43825
251,8_8,OMT,2007,Tomato,2373.4908,0,1649.37,84.76,0,0,4,27.6,1.86,2.45,1.08,4620,2474.8368,219.6866,96.84144,41.426616,166.78248,0,0,0,0
252,8_9,CMT,2007,Maize,0,7311.505774,0,0,0,0,0,0,0,0,0,0,0,0,0,0,0,235.535419,50.43825,20.511555,50.43825
253,1_1,LMT,2008,Fallow,0,0,828.035,53.38,0,0,0,0,0,0,0,0,0,0,0,0,0,133.9163559,50.550335,74.1218105,50.550335
254,1_2,OMT,2008,Sudangrass,0,0,1380.265,83.165,0,2140.523586,4,18.866,1.8821,1.965,1.34,4788.33,1691.676488,176.19762,120.15512,42.93599744,168.7641428,0,0,0,0
255,1_3,CMT,2008,Tomato,2733,0,0,0,0,0,0,0,0,0,0,0,0,0,0,0,0,162.5949844,50.43825,149.0685666,50.43825
256,1_4,CMT,2008,Maize,0,5332,0,0,0,0,0,0,0,0,0,0,0,0,0,0,0,182.3226169,50.29534163,84.7250515,50.29534163
257,2_3,OMT,2008,Tomato,1251.8208,0,841.145,56.08,0,0,4,18.866,1.8821,1.965,1.34,4788.33,1691.676488,176.19762,120.15512,42.93599744,168.7641428,0,0,0,0
258,2_4,LMT,2008,Fallow,0,0,954.19,59.835,0,0,0,0,0,0,0,0,0,0,0,0,0,133.9163559,50.550335,74.1218105,50.550335
259,4_4,LMT,2008,Fallow,0,0,1044.83,62.17,0,0,0,0,0,0,0,0,0,0,0,0,0,133.9163559,50.550335,74.1218105,50.550335
260,4_5,CMT,2008,Tomato,2984.9974,0,0,0,0,0,0,0,0,0,0,0,0,0,0,0,0,162.5949844,50.43825,149.0685666,50.43825
261,5_5,CMT,2008,Maize,0,5332,0,0,0,0,0,0,0,0,0,0,0,0,0,0,0,182.3226169,50.29534163,84.7250515,50.29534163
262,6_3,LMT,2008,Fallow,0,0,820.215,64.38,0,0,0,0,0,0,0,0,0,0,0,0,0,133.9163559,50.550335,74.1218105,50.550335
263,6_4,OMT,2008,Tomato,2318.9832,0,1026.305,67.95,0,0,4,18.866,1.8821,1.965,1.34,4788.33,1691.676488,176.19762,120.15512,42.93599744,168.7641428,0,0,0,0
264,6_5,OMT,2008,Sudangrass,0,0,1496.535,100.095,0,3283.250854,4,18.866,1.8821,1.965,1.34,4788.33,1691.676488,176.19762,120.15512,42.93599744,168.7641428,0,0,0,0
265,6_7,LMT,2008,Fallow,0,0,734.85,53.85,0,0,0,0,0,0,0,0,0,0,0,0,0,133.9163559,50.550335,74.1218105,50.550335
266,6_8,OMT,2008,Tomato,2040.5124,0,1162.665,82.345,0,0,4,18.866,1.8821,1.965,1.34,4788.33,1691.676488,176.19762,120.15512,42.93599744,168.7641428,0,0,0,0
267,6_9,LMT,2008,Fallow,0,0,1264.03,77.995,0,0,0,0,0,0,0,0,0,0,0,0,0,133.9163559,50.550335,74.1218105,50.550335
268,7_8,CMT,2008,Maize,0,5332,0,0,0,0,0,0,0,0,0,0,0,0,0,0,0,182.3226169,50.29534163,84.7250515,50.29534163
269,8_8,OMT,2008,Sudangrass,0,0,1789.875,100.27,0,3565.636991,4,18.866,1.8821,1.965,1.34,4788.33,1691.676488,176.19762,120.15512,42.93599744,168.7641428,0,0,0,0
270,8_9,CMT,2008,Tomato,3007.4576,0,0,0,0,0,0,0,0,0,0,0,0,0,0,0,0,162.5949844,50.43825,149.0685666,50.43825
271,1_1,LMT,2009,Sudangrass,0,0,1194.935,73.635,0,2514.951687,0,0,0,0,0,0,0,0,0,0,0,50.43825,50.43825,20.511555,50.43825
272,1_2,OMT,2009,Tomato,3020.9076,0,1789.43,108.18,0,0,4,14.9,1.97,1.94,1.59,6400,1336.0532,173.95592,142.57212,57.38752,176.64596,0,0,0,0
273,1_3,CMT,2009,Maize,0,5332,0,0,0,2411.989909,0,0,0,0,0,0,0,0,0,0,0,50.43825,50.43825,20.511555,50.43825
274,1_4,CMT,2009,Tomato,1996.0122,0,0,0,0,0,0,0,0,0,0,0,0,0,0,0,0,162.5949844,50.43825,149.0685666,50.43825
275,2_3,OMT,2009,Sudangrass,0,0,11456.87,100.65,0,2866.098223,4,14.9,1.97,1.94,1.59,6400,1336.0532,173.95592,142.57212,57.38752,176.64596,0,0,0,0
276,2_4,LMT,2009,Tomato,2594.0629,0,1702.45,100.165,0,0,0,0,0,0,0,0,0,0,0,0,0,162.5949844,50.43825,149.0685666,50.43825
277,4_4,LMT,2009,Tomato,3261.0656,0,1886.11,103.005,0,0,0,0,0,0,0,0,0,0,0,0,0,162.5949844,50.43825,149.0685666,50.43825
278,4_5,CMT,2009,Maize,0,5332,0,0,0,3562.051251,0,0,0,0,0,0,0,0,0,0,0,50.43825,50.43825,20.511555,50.43825
279,5_5,CMT,2009,Tomato,2144.0286,0,0,0,0,0,0,0,0,0,0,0,0,0,0,0,0,162.5949844,50.43825,149.0685666,50.43825
280,6_3,LMT,2009,Sudangrass,0,0,1610.04,94.245,0,2558.660545,0,0,0,0,0,0,0,0,0,0,0,50.43825,50.43825,20.511555,50.43825
281,6_4,OMT,2009,Sudangrass,0,0,2131.01,120.17,0,3436.284876,4,14.9,1.97,1.94,1.59,6400,1336.0532,173.95592,142.57212,57.38752,176.64596,0,0,0,0
282,6_5,OMT,2009,Tomato,2344.5684,0,1677.905,89.515,0,0,4,14.9,1.97,1.94,1.59,6400,1336.0532,173.95592,142.57212,57.38752,176.64596,0,0,0,0
283,6_7,LMT,2009,Sudangrass,0,0,1531.795,84.025,0,3336.023538,0,0,0,0,0,0,0,0,0,0,0,50.43825,50.43825,20.511555,50.43825
284,6_8,OMT,2009,Sudangrass,0,0,1929.58,105.69,0,2841.30384,4,14.9,1.97,1.94,1.59,6400,1336.0532,173.95592,142.57212,57.38752,176.64596,0,0,0,0
285,6_9,LMT,2009,Tomato,3109.1229,0,2092.82,97.975,0,0,0,0,0,0,0,0,0,0,0,0,0,162.5949844,50.43825,149.0685666,50.43825
286,7_8,CMT,2009,Tomato,2288,0,0,0,0,0,0,0,0,0,0,0,0,0,0,0,0,162.5949844,50.43825,149.0685666,50.43825
287,8_8,OMT,2009,Tomato,2736.504,0,1523.15,88.72,0,0,4,14.9,1.97,1.94,1.59,6400,1336.0532,173.95592,142.57212,57.38752,176.64596,0,0,0,0
288,8_9,CMT,2009,Maize,0,5332,0,0,0,3361.849991,0,0,0,0,0,0,0,0,0,0,0,50.43825,50.43825,20.511555,50.43825
289,1_1,LMT,2010,Tomato,4023.3544,0,713.7,46.01,0,0,0,0,0,0,0,0,0,0,0,0,0,162.52325,50.43825,20.511555,50.43825
290,1_2,OMT,2010,Wheat,0,0,1164.3,91.44,4377.715845,0,4,18.866,1.8821,1.965,1.34,4788.33,1691.676488,176.19762,120.15512,42.93599744,168.7641428,0,0,0,0
291,1_3,CMT,2010,Tomato,3737.5982,0,0,0,0,0,0,0,0,0,0,0,0,0,0,0,0,162.52325,50.43825,20.511555,50.43825
292,1_4,CMT,2010,Wheat,0,0,0,0,5393.323551,0,0,0,0,0,0,0,0,0,0,0,0,168.172334,0,0,0
293,2_3,OMT,2010,Tomato,2980.8612,0,1002.635,88.435,0,0,4,18.866,1.8821,1.965,1.34,4788.33,1691.676488,176.19762,120.15512,42.93599744,168.7641428,0,0,0,0
294,2_4,LMT,2010,Wheat,0,0,731.21,49.8,5350.647868,0,0,0,0,0,0,0,0,0,0,0,0,168.172334,0,0,0
295,4_4,LMT,2010,Wheat,0,0,731.21,49.8,5350.647868,0,0,0,0,0,0,0,0,0,0,0,0,168.172334,0,0,0
296,4_5,CMT,2010,Tomato,3260.411,0,0,0,0,0,0,0,0,0,0,0,0,0,0,0,0,162.52325,50.43825,20.511555,50.43825
297,5_5,CMT,2010,Wheat,0,0,0,0,5393.323551,0,0,0,0,0,0,0,0,0,0,0,0,168.172334,0,0,0
298,6_3,LMT,2010,Tomato,4770.5593,0,792.69,56.145,0,0,0,0,0,0,0,0,0,0,0,0,0,162.52325,50.43825,20.511555,50.43825
299,6_4,OMT,2010,Tomato,3234.8592,0,1321.005,96.03,0,0,4,18.866,1.8821,1.965,1.34,4788.33,1691.676488,176.19762,120.15512,42.93599744,168.7641428,0,0,0,0
300,6_5,OMT,2010,Wheat,0,0,1164.3,91.44,4377.715845,0,4,18.866,1.8821,1.965,1.34,4788.33,1691.676488,176.19762,120.15512,42.93599744,168.7641428,0,0,0,0
301,6_7,LMT,2010,Tomato,4355.5681,0,687.245,47.235,0,0,0,0,0,0,0,0,0,0,0,0,0,162.52325,50.43825,20.511555,50.43825
302,6_8,OMT,2010,Tomato,3105.45,0,1169.26,89.875,0,0,4,18.866,1.8821,1.965,1.34,4788.33,1691.676488,176.19762,120.15512,42.93599744,168.7641428,0,0,0,0
303,6_9,LMT,2010,Wheat,0,0,731.21,49.8,5350.647868,0,0,0,0,0,0,0,0,0,0,0,0,168.172334,0,0,0
304,7_8,CMT,2010,Wheat,0,0,0,0,5393.323551,0,0,0,0,0,0,0,0,0,0,0,0,168.172334,0,0,0
305,8_8,OMT,2010,Wheat,0,0,1164.3,91.44,4377.715845,0,4,18.866,1.8821,1.965,1.34,4788.33,1691.676488,176.19762,120.15512,42.93599744,168.7641428,0,0,0,0
306,8_9,CMT,2010,Tomato,2923.1398,0,0,0,0,0,0,0,0,0,0,0,0,0,0,0,0,162.52325,50.43825,20.511555,50.43825
307,1_1,LMT,2011,Wheat,0,0,2181.095,85.92,4195.240503,0,0,0,0,0,0,0,0,0,0,0,0,168.172334,0,0,0
308,1_2,OMT,2011,Tomato,4249.7388,0,2512.003,97.66,0,0,4,32,2.19,3.01,0.776,4788.33,2869.376,269.90068,69.582368,42.93599744,196.37292,0,0,0,0
309,1_3,CMT,2011,Wheat,0,0,0,0,5085.911467,0,0,0,0,0,0,0,0,0,0,0,0,168.172334,0,0,0
310,1_4,CMT,2011,Tomato,3702.6192,0,0,0,0,0,0,0,0,0,0,0,0,0,0,0,0,162.52325,50.43825,20.511555,50.43825
311,2_3,OMT,2011,Wheat,0,0,2512.003,97.66,3959.494137,0,4,32,1.8821,1.965,1.34,4788.33,2869.376,176.19762,120.15512,42.93599744,168.7641428,0,0,0,0
312,2_4,LMT,2011,Tomato,3610.2027,0,2052.01,95.315,0,0,0,0,0,0,0,0,0,0,0,0,0,162.52325,50.43825,20.511555,50.43825
313,4_4,LMT,2011,Tomato,3126.0463,0,2277.32,68.77,0,0,0,0,0,0,0,0,0,0,0,0,0,162.52325,50.43825,20.511555,50.43825
314,4_5,CMT,2011,Wheat,0,0,0,0,5085.911467,0,0,0,0,0,0,0,0,0,0,0,0,168.172334,0,0,0
315,5_5,CMT,2011,Tomato,5272.9922,0,0,0,0,0,0,0,0,0,0,0,0,0,0,0,0,162.52325,50.43825,20.511555,50.43825
316,6_3,LMT,2011,Wheat,0,0,2181.095,85.92,4195.240503,0,0,0,0,0,0,0,0,0,0,0,0,168.172334,0,0,0
317,6_4,OMT,2011,Wheat,0,0,2512.003,97.66,3959.494137,0,4,32,1.8821,1.965,1.34,4788.33,2869.376,176.19762,120.15512,42.93599744,168.7641428,0,0,0,0
318,6_5,OMT,2011,Tomato,2784.708,0,2522.105,103.68,0,0,4,32,2.19,3.01,0.776,4788.33,2869.376,269.90068,69.582368,42.93599744,196.37292,0,0,0,0
319,6_7,LMT,2011,Wheat,0,0,2181.095,85.92,4195.240503,0,0,0,0,0,0,0,0,0,0,0,0,168.172334,0,0,0
320,6_8,OMT,2011,Wheat,0,0,2512.003,97.66,3959.494137,0,4,32,1.8821,1.965,1.34,4788.33,2869.376,176.19762,120.15512,42.93599744,168.7641428,0,0,0,0
321,6_9,LMT,2011,Tomato,1312.2993,0,2213.955,93.68,0,0,0,0,0,0,0,0,0,0,0,0,0,162.52325,50.43825,20.511555,50.43825
322,7_8,CMT,2011,Tomato,1209.5,0,0,0,0,0,0,0,0,0,0,0,0,0,0,0,0,162.52325,50.43825,20.511555,50.43825
323,8_8,OMT,2011,Tomato,4041.3492,0,2501.9,91.645,0,0,4,32,2.19,3.01,0.776,4788.33,2869.376,269.90068,69.582368,42.93599744,196.37292,0,0,0,0
324,8_9,CMT,2011,Wheat,0,0,0,0,5085.911467,0,0,0,0,0,0,0,0,0,0,0,0,168.172334,0,0,0
325,1_1,LMT,2012,Tomato,2616.5048,0,1553.14,61.4,0,0,0,0,0,0,0,0,0,0,0,0,0,162.52325,50.43825,20.511555,50.43825
326,1_2,OMT,2012,Maize,0,5321,1284.438,65.37,0,0,4,18.866,1.8821,1.965,1.34,4788.33,1691.676488,176.19762,120.15512,42.93599744,168.7641428,0,0,0,0
327,1_3,CMT,2012,Tomato,3785.096,0,0,0,0,0,0,0,0,0,0,0,0,0,0,0,0,162.52325,50.43825,20.511555,50.43825
328,1_4,CMT,2012,Wheat,0,0,0,0,4457.107336,0,0,0,0,0,0,0,0,0,0,0,0,168.172334,0,0,0
329,2_3,OMT,2012,Tomato,1691.5896,0,1526.41,68.505,0,0,4,18.866,1.8821,1.965,1.34,4788.33,1691.676488,176.19762,120.15512,42.93599744,168.7641428,0,0,0,0
330,2_4,LMT,2012,Wheat,0,0,1691.845,74.08,4195.240515,0,0,0,0,0,0,0,0,0,0,0,0,168.172334,0,0,0
331,4_4,LMT,2012,Wheat,0,0,1691.845,74.08,4195.240515,0,0,0,0,0,0,0,0,0,0,0,0,168.172334,0,0,0
332,4_5,CMT,2012,Tomato,3004.8802,0,0,0,0,0,0,0,0,0,0,0,0,0,0,0,0,162.52325,50.43825,20.511555,50.43825
333,5_5,CMT,2012,Wheat,0,0,0,0,4457.107336,0,0,0,0,0,0,0,0,0,0,0,0,168.172334,0,0,0
334,6_3,LMT,2012,Tomato,2942.0963,0,1777.775,81.5,0,0,0,0,0,0,0,0,0,0,0,0,0,162.52325,50.43825,20.511555,50.43825
335,6_4,OMT,2012,Tomato,2941.5564,0,1197.395,61.73,0,0,4,18.866,1.8821,1.965,1.34,4788.33,1691.676488,176.19762,120.15512,42.93599744,168.7641428,0,0,0,0
336,6_5,OMT,2012,Maize,0,5321,1284.438,65.37,0,0,4,18.866,1.8821,1.965,1.34,4788.33,1691.676488,176.19762,120.15512,42.93599744,168.7641428,0,0,0,0
337,6_7,LMT,2012,Tomato,2911.5606,0,1744.62,79.34,0,0,0,0,0,0,0,0,0,0,0,0,0,162.52325,50.43825,20.511555,50.43825
338,6_8,OMT,2012,Tomato,2547.0252,0,1129.51,65.865,0,0,4,18.866,1.8821,1.965,1.34,4788.33,1691.676488,176.19762,120.15512,42.93599744,168.7641428,0,0,0,0
339,6_9,LMT,2012,Wheat,0,0,1691.845,74.08,4195.240515,0,0,0,0,0,0,0,0,0,0,0,0,168.172334,0,0,0
340,7_8,CMT,2012,Wheat,0,0,0,0,4457.107336,0,0,0,0,0,0,0,0,0,0,0,0,168.172334,0,0,0
341,8_8,OMT,2012,Maize,0,5321,1284.438,65.37,0,0,4,18.866,1.8821,1.965,1.34,4788.33,1691.676488,176.19762,120.15512,42.93599744,168.7641428,0,0,0,0
342,8_9,CMT,2012,Tomato,3238.6872,0,0,0,0,0,0,0,0,0,0,0,0,0,0,0,0,162.52325,50.43825,20.511555,50.43825
343,1_1,LMT,2013,Maize,0,6498.6987,924.48,70.2,0,0,0,0,0,0,0,0,0,0,0,0,0,133.9163559,50.550335,74.1218105,50.550335
344,1_2,OMT,2013,Tomato,4219.1478,0,705.23,58.145,0,0,4,18.866,1.8821,1.965,1.34,4788.33,1691.676488,176.19762,120.15512,42.93599744,168.7641428,0,0,0,0
345,1_3,CMT,2013,Maize,0,7246.6275,0,0,0,0,0,0,0,0,0,0,0,0,0,0,0,182.3226169,50.29534163,84.7250515,50.29534163
346,1_4,CMT,2013,Tomato,3899.4221,0,0,0,0,0,0,0,0,0,0,0,0,0,0,0,0,134.502,0,0,0
347,2_3,OMT,2013,Maize,0,5596.659,873.47,71.525,0,0,4,18.866,2.14,2.58,1.81,4788.33,1691.676488,231.34344,162.29908,42.93599744,191.88952,0,0,0,0
348,2_4,LMT,2013,Tomato,2705.1687,0,566.34,34.31,0,0,0,0,0,0,0,0,0,0,0,0,0,134.502,0,0,0
349,4_4,LMT,2013,Tomato,3186.3819,0,760.68,43.005,0,0,0,0,0,0,0,0,0,0,0,0,0,134.502,0,0,0
350,4_5,CMT,2013,Maize,0,7072.8792,0,0,0,0,0,0,0,0,0,0,0,0,0,0,0,182.3226169,50.29534163,84.7250515,50.29534163
351,5_5,CMT,2013,Tomato,3809.3972,0,0,0,0,0,0,0,0,0,0,0,0,0,0,0,0,134.502,0,0,0
352,6_3,LMT,2013,Maize,0,7568.937,949.275,78.675,0,0,0,0,0,0,0,0,0,0,0,0,0,133.9163559,50.550335,74.1218105,50.550335
353,6_4,OMT,2013,Maize,0,6159.7401,965.84,81.44,0,0,4,18.866,2.14,2.58,1.81,4788.33,1691.676488,231.34344,162.29908,42.93599744,191.88952,0,0,0,0
354,6_5,OMT,2013,Tomato,4145.3586,0,727.06,62.63,0,0,4,18.866,1.8821,1.965,1.34,4788.33,1691.676488,176.19762,120.15512,42.93599744,168.7641428,0,0,0,0
355,6_7,LMT,2013,Maize,0,12821.0877,888.74,70.245,0,0,0,0,0,0,0,0,0,0,0,0,0,133.9163559,50.550335,74.1218105,50.550335
356,6_8,OMT,2013,Maize,0,5840.4189,905.88,75.65,0,0,4,18.866,2.14,2.58,1.81,4788.33,1691.676488,231.34344,162.29908,42.93599744,191.88952,0,0,0,0
357,6_9,LMT,2013,Tomato,4176.95265,0,368.81,25.985,0,0,0,0,0,0,0,0,0,0,0,0,0,134.502,0,0,0
358,7_8,CMT,2013,Tomato,2963.6418,0,0,0,0,0,0,0,0,0,0,0,0,0,0,0,0,134.502,0,0,0
359,8_8,OMT,2013,Tomato,3006.0756,0,643.13,57.96,0,0,4,18.866,1.8821,1.965,1.34,4788.33,1691.676488,176.19762,120.15512,42.93599744,168.7641428,0,0,0,0
360,8_9,CMT,2013,Maize,0,7969.3692,0,0,0,0,0,0,0,0,0,0,0,0,0,0,0,182.3226169,50.29534163,84.7250515,50.29534163
361,1_1,LMT,2014,Tomato,2592.40735,0,1705.575,94.755,0,0,0,0,0,0,0,0,0,0,0,0,0,133.9163559,50.550335,74.1218105,50.550335
362,1_2,OMT,2014,Maize,0,6784.2948,491.38,58.505,0,0,4,18.866,1.8821,1.965,1.34,4788.33,1691.676488,176.19762,120.15512,42.93599744,168.7641428,0,0,0,0
363,1_3,CMT,2014,Tomato,2695.4081,0,0,0,0,0,0,0,0,0,0,0,0,0,0,0,0,182.3226169,50.29534163,84.7250515,50.29534163
364,1_4,CMT,2014,Maize,0,6554.6226,0,0,0,0,0,0,0,0,0,0,0,0,0,0,0,182.3226169,50.29534163,84.7250515,50.29534163
365,2_3,OMT,2014,Tomato,2512.9116,0,1115.23,72.535,0,0,4,18.866,1.8821,1.965,1.34,4788.33,1691.676488,176.19762,120.15512,42.93599744,168.7641428,0,0,0,0
366,2_4,LMT,2014,Maize,0,6044.904,391.5,41.58,0,0,0,0,0,0,0,0,0,0,0,0,0,133.9163559,50.550335,74.1218105,50.550335
367,4_4,LMT,2014,Maize,0,5644.4718,264.86,30.25,0,0,0,0,0,0,0,0,0,0,0,0,0,133.9163559,50.550335,74.1218105,50.550335
368,4_5,CMT,2014,Tomato,3159.7083,0,0,0,0,0,0,0,0,0,0,0,0,0,0,0,0,182.3226169,50.29534163,84.7250515,50.29534163
369,5_5,CMT,2014,Maize,0,6756.5463,0,0,0,0,0,0,0,0,0,0,0,0,0,0,0,182.3226169,50.29534163,84.7250515,50.29534163
370,6_3,LMT,2014,Tomato,2882.31255,0,1607,84.54,0,0,0,0,0,0,0,0,0,0,0,0,0,133.9163559,50.550335,74.1218105,50.550335
371,6_4,OMT,2014,Tomato,2950.641,0,859.99,80.145,0,0,4,18.866,1.8821,1.965,1.34,4788.33,1691.676488,176.19762,120.15512,42.93599744,168.7641428,0,0,0,0
372,6_5,OMT,2014,Maize,0,6467.9619,506.47,64.1,0,0,4,18.866,1.8821,1.965,1.34,4788.33,1691.676488,176.19762,120.15512,42.93599744,168.7641428,0,0,0,0
373,6_7,LMT,2014,Tomato,1007.6781,0,1450.58,62.73,0,0,0,0,0,0,0,0,0,0,0,0,0,133.9163559,50.550335,74.1218105,50.550335
374,6_8,OMT,2014,Tomato,1592.586,0,957.715,69.86,0,0,4,18.866,1.8821,1.965,1.34,4788.33,1691.676488,176.19762,120.15512,42.93599744,168.7641428,0,0,0,0
375,6_9,LMT,2014,Maize,0,6050.4537,262.485,30.145,0,0,0,0,0,0,0,0,0,0,0,0,0,133.9163559,50.550335,74.1218105,50.550335
376,7_8,CMT,2014,Maize,0,6235.3014,0,0,0,0,0,0,0,0,0,0,0,0,0,0,0,182.3226169,50.29534163,84.7250515,50.29534163
377,8_8,OMT,2014,Maize,0,7109.5926,501.58,58.36,0,0,4,18.866,1.8821,1.965,1.34,4788.33,1691.676488,176.19762,120.15512,42.93599744,168.7641428,0,0,0,0
378,8_9,CMT,2014,Tomato,3206.8379,0,0,0,0,0,0,0,0,0,0,0,0,0,0,0,0,182.3226169,50.29534163,84.7250515,50.29534163
379,1_1,LMT,2015,Maize,0,5901.8925,872.975,81.88,0,0,0,0,0,0,0,0,0,0,0,0,0,133.9163559,50.550335,74.1218105,50.550335
380,1_2,OMT,2015,Tomato,2229.9912,0,1059.12,95.745,0,0,4,18.866,1.8821,1.965,1.34,4788.33,1691.676488,176.19762,120.15512,42.93599744,168.7641428,0,0,0,0
381,1_3,CMT,2015,Maize,0,5285.8758,0,0,0,0,0,0,0,0,0,0,0,0,0,0,0,182.3226169,50.29534163,84.7250515,50.29534163
382,1_4,CMT,2015,Tomato,2420.7309,0,0,0,0,0,0,0,0,0,0,0,0,0,0,0,0,182.3226169,50.29534163,84.7250515,50.29534163
383,2_3,OMT,2015,Maize,0,6462.4122,956.48,80.785,0,0,4,18.866,1.8821,1.965,1.34,4788.33,1691.676488,176.19762,120.15512,42.93599744,168.7641428,0,0,0,0
384,2_4,LMT,2015,Tomato,2874.0348,0,844.935,67.215,0,0,0,0,0,0,0,0,0,0,0,0,0,133.9163559,50.550335,74.1218105,50.550335
385,4_4,LMT,2015,Tomato,3251.5002,0,999.43,97.13,0,0,0,0,0,0,0,0,0,0,0,0,0,133.9163559,50.550335,74.1218105,50.550335
386,4_5,CMT,2015,Maize,0,6263.4768,0,0,0,0,0,0,0,0,0,0,0,0,0,0,0,182.3226169,50.29534163,84.7250515,50.29534163
387,5_5,CMT,2015,Tomato,3205.3651,0,0,0,0,0,0,0,0,0,0,0,0,0,0,0,0,182.3226169,50.29534163,84.7250515,50.29534163
388,6_3,LMT,2015,Maize,0,6249.3891,926.315,90.97,0,0,0,0,0,0,0,0,0,0,0,0,0,133.9163559,50.550335,74.1218105,50.550335
389,6_4,OMT,2015,Maize,0,7162.5282,946.39,91.445,0,0,4,18.866,1.8821,1.965,1.34,4788.33,1691.676488,176.19762,120.15512,42.93599744,168.7641428,0,0,0,0
390,6_5,OMT,2015,Tomato,2550.5478,0,926.61,81.56,0,0,4,18.866,1.8821,1.965,1.34,4788.33,1691.676488,176.19762,120.15512,42.93599744,168.7641428,0,0,0,0
391,6_7,LMT,2015,Maize,0,5543.7234,860.785,82.35,0,0,0,0,0,0,0,0,0,0,0,0,0,133.9163559,50.550335,74.1218105,50.550335
392,6_8,OMT,2015,Maize,0,7126.2417,1021.035,100.8,0,0,4,18.866,1.8821,1.965,1.34,4788.33,1691.676488,176.19762,120.15512,42.93599744,168.7641428,0,0,0,0
393,6_9,LMT,2015,Tomato,2968.40115,0,1063.03,100.92,0,0,0,0,0,0,0,0,0,0,0,0,0,133.9163559,50.550335,74.1218105,50.550335
394,7_8,CMT,2015,Tomato,3000.2777,0,0,0,0,0,0,0,0,0,0,0,0,0,0,0,0,182.3226169,50.29534163,84.7250515,50.29534163
395,8_8,OMT,2015,Tomato,2715.5538,0,1010.965,100.05,0,0,4,18.866,1.8821,1.965,1.34,4788.33,1691.676488,176.19762,120.15512,42.93599744,168.7641428,0,0,0,0
396,8_9,CMT,2015,Maize,0,5521.0977,0,0,0,0,0,0,0,0,0,0,0,0,0,0,0,182.3226169,50.29534163,84.7250515,50.29534163
397,1_1,LMT,2016,Tomato,3033.15155,0,1192.43,99.37,0,0,0,0,0,0,0,0,0,0,0,0,0,133.9163559,50.550335,74.1218105,50.550335
398,1_2,OMT,2016,Maize,0,3549.2466,1584.115,120.8,0,0,4,18.866,1.8821,1.965,1.34,4788.33,1691.676488,176.19762,120.15512,42.93599744,168.7641428,0,0,0,0
399,1_3,CMT,2016,Tomato,3604.1257,0,0,0,0,0,0,0,0,0,0,0,0,0,0,0,0,182.3226169,50.29534163,84.7250515,50.29534163
400,1_4,CMT,2016,Maize,0,4795.7946,0,0,0,0,0,0,0,0,0,0,0,0,0,0,0,182.3226169,50.29534163,84.7250515,50.29534163
401,2_3,OMT,2016,Tomato,2359.7712,0,1513.725,120.86,0,0,4,18.866,1.8821,1.965,1.34,4788.33,1691.676488,176.19762,120.15512,42.93599744,168.7641428,0,0,0,0
402,2_4,LMT,2016,Maize,0,5190.6771,962.965,93.19,0,0,0,0,0,0,0,0,0,0,0,0,0,133.9163559,50.550335,74.1218105,50.550335
403,4_4,LMT,2016,Maize,0,5327.712,1115.87,103.875,0,0,0,0,0,0,0,0,0,0,0,0,0,133.9163559,50.550335,74.1218105,50.550335
404,4_5,CMT,2016,Tomato,3991.6562,0,0,0,0,0,0,0,0,0,0,0,0,0,0,0,0,182.3226169,50.29534163,84.7250515,50.29534163
405,5_5,CMT,2016,Maize,0,5098.0398,0,0,0,0,0,0,0,0,0,0,0,0,0,0,0,182.3226169,50.29534163,84.7250515,50.29534163
406,6_3,LMT,2016,Tomato,4500.33675,0,1770.905,159.965,0,0,0,0,0,0,0,0,0,0,0,0,0,133.9163559,50.550335,74.1218105,50.550335
407,6_4,OMT,2016,Tomato,2824.569,0,1495.725,136.81,0,0,4,18.866,1.8821,1.965,1.34,4788.33,1691.676488,176.19762,120.15512,42.93599744,168.7641428,0,0,0,0
408,6_5,OMT,2016,Maize,0,4086.7137,1747.185,143.16,0,0,4,18.866,1.8821,1.965,1.34,4788.33,1691.676488,176.19762,120.15512,42.93599744,168.7641428,0,0,0,0
409,6_7,LMT,2016,Tomato,3357.8233,0,1599.92,134.015,0,0,0,0,0,0,0,0,0,0,0,0,0,133.9163559,50.550335,74.1218105,50.550335
410,6_8,OMT,2016,Tomato,2740.0266,0,1444.92,120.475,0,0,4,18.866,1.8821,1.965,1.34,4788.33,1691.676488,176.19762,120.15512,42.93599744,168.7641428,0,0,0,0
411,6_9,LMT,2016,Maize,0,5291.4255,1155.65,112.09,0,0,0,0,0,0,0,0,0,0,0,0,0,133.9163559,50.550335,74.1218105,50.550335
412,7_8,CMT,2016,Maize,0,4994.3031,0,0,0,0,0,0,0,0,0,0,0,0,0,0,0,182.3226169,50.29534163,84.7250515,50.29534163
413,8_8,OMT,2016,Maize,0,4568.6838,1787.68,141.355,0,0,4,18.866,1.8821,1.965,1.34,4788.33,1691.676488,176.19762,120.15512,42.93599744,168.7641428,0,0,0,0
414,8_9,CMT,2016,Tomato,4153.4801,0,0,0,0,0,0,0,0,0,0,0,0,0,0,0,0,182.3226169,50.29534163,84.7250515,50.29534163
415,1_1,LMT,2017,Maize,0,5980.4421,843.83,68.1575,0,0,0,0,0,0,0,0,0,0,0,0,0,133.9163559,50.550335,74.1218105,50.550335
416,1_2,OMT,2017,Tomato,18109.62357,0,731.785,59.13,0,0,4,18.866,1.8821,1.965,1.34,4788.33,1691.676488,176.19762,120.15512,42.93599744,168.7641428,0,0,0,0
417,1_3,CMT,2017,Maize,0,5882.682,0,0,0,0,0,0,0,0,0,0,0,0,0,0,0,182.3226169,50.29534163,84.7250515,50.29534163
418,1_4,CMT,2017,Tomato,18880.21052,0,0,0,0,0,0,0,0,0,0,0,0,0,0,0,0,182.3226169,50.29534163,84.7250515,50.29534163
419,2_3,OMT,2017,Maize,0,6644.2716,906.455,69.67,0,0,4,18.866,1.8821,1.965,1.34,4788.33,1691.676488,176.19762,120.15512,42.93599744,168.7641428,0,0,0,0
420,2_4,LMT,2017,Tomato,20685.93355,0,798.575,61.365,0,0,0,0,0,0,0,0,0,0,0,0,0,133.9163559,50.550335,74.1218105,50.550335
421,4_4,LMT,2017,Tomato,22720.23145,0,773.83,60.955,0,0,0,0,0,0,0,0,0,0,0,0,0,133.9163559,50.550335,74.1218105,50.550335
422,4_5,CMT,2017,Maize,0,5983.4304,0,0,0,0,0,0,0,0,0,0,0,0,0,0,0,182.3226169,50.29534163,84.7250515,50.29534163
423,5_5,CMT,2017,Tomato,18773.0257,0,0,0,0,0,0,0,0,0,0,0,0,0,0,0,0,182.3226169,50.29534163,84.7250515,50.29534163
424,6_3,LMT,2017,Maize,0,5322.1623,999.34,85.445,0,0,0,0,0,0,0,0,0,0,0,0,0,133.9163559,50.550335,74.1218105,50.550335
425,6_4,OMT,2017,Maize,0,7047.6921,819.05,71.095,0,0,4,18.866,1.8821,1.965,1.34,4788.33,1691.676488,176.19762,120.15512,42.93599744,168.7641428,0,0,0,0
426,6_5,OMT,2017,Tomato,18437.266,0,783.885,65.36,0,0,4,18.866,1.8821,1.965,1.34,4788.33,1691.676488,176.19762,120.15512,42.93599744,168.7641428,0,0,0,0
427,6_7,LMT,2017,Maize,0,5798.5827,903.38,83.67,0,0,0,0,0,0,0,0,0,0,0,0,0,133.9163559,50.550335,74.1218105,50.550335
428,6_8,OMT,2017,Maize,0,6624.6342,903.89,79.98,0,0,4,18.866,1.8821,1.965,1.34,4788.33,1691.676488,176.19762,120.15512,42.93599744,168.7641428,0,0,0,0
429,6_9,LMT,2017,Tomato,20834.62713,0,744.025,57.5,0,0,0,0,0,0,0,0,0,0,0,0,0,133.9163559,50.550335,74.1218105,50.550335
430,7_8,CMT,2017,Tomato,22191.87114,0,0,0,0,0,0,0,0,0,0,0,0,0,0,0,0,182.3226169,50.29534163,84.7250515,50.29534163
431,8_8,OMT,2017,Tomato,22566.00337,0,909.825,79.115,0,0,4,18.866,1.8821,1.965,1.34,4788.33,1691.676488,176.19762,120.15512,42.93599744,168.7641428,0,0,0,0
432,8_9,CMT,2017,Maize,0,6145.6524,0,0,0,0,0,0,0,0,0,0,0,0,0,0,0,182.3226169,50.29534163,84.7250515,50.29534163
433,1_1,LMT,2018,Tomato,0,0,379.9,39.64,0,0,0,0,0,0,0,0,0,0,0,0,0,133.9163559,50.550335,74.1218105,50.550335
434,1_2,OMT,2018,Maize,0,0,627.38,56.875,0,0,4,18.866,1.8821,1.965,1.34,4788.33,1691.676488,176.19762,120.15512,42.93599744,168.7641428,0,0,0,0
435,1_3,CMT,2018,Tomato,0,0,0,0,0,0,0,0,0,0,0,0,0,0,0,0,0,182.3226169,50.29534163,84.7250515,50.29534163
436,1_4,CMT,2018,Maize,0,0,0,0,0,0,0,0,0,0,0,0,0,0,0,0,0,182.3226169,50.29534163,84.7250515,50.29534163
437,2_3,OMT,2018,Tomato,0,0,742.17,58.98,0,0,4,18.866,1.8821,1.965,1.34,4788.33,1691.676488,176.19762,120.15512,42.93599744,168.7641428,0,0,0,0
438,2_4,LMT,2018,Maize,0,0,660.12,59.995,0,0,0,0,0,0,0,0,0,0,0,0,0,133.9163559,50.550335,74.1218105,50.550335
439,4_4,LMT,2018,Maize,0,0,717.84,67.03,0,0,0,0,0,0,0,0,0,0,0,0,0,133.9163559,50.550335,74.1218105,50.550335
440,4_5,CMT,2018,Tomato,0,0,0,0,0,0,0,0,0,0,0,0,0,0,0,0,0,182.3226169,50.29534163,84.7250515,50.29534163
441,5_5,CMT,2018,Maize,0,0,0,0,0,0,0,0,0,0,0,0,0,0,0,0,0,182.3226169,50.29534163,84.7250515,50.29534163
442,6_3,LMT,2018,Tomato,0,0,455.425,42.09,0,0,0,0,0,0,0,0,0,0,0,0,0,133.9163559,50.550335,74.1218105,50.550335
443,6_4,OMT,2018,Tomato,0,0,685.29,59.59,0,0,4,18.866,1.8821,1.965,1.34,4788.33,1691.676488,176.19762,120.15512,42.93599744,168.7641428,0,0,0,0
444,6_5,OMT,2018,Maize,0,0,768.335,64.945,0,0,4,18.866,1.8821,1.965,1.34,4788.33,1691.676488,176.19762,120.15512,42.93599744,168.7641428,0,0,0,0
445,6_7,LMT,2018,Tomato,0,0,528.925,52.645,0,0,0,0,0,0,0,0,0,0,0,0,0,133.9163559,50.550335,74.1218105,50.550335
446,6_8,OMT,2018,Tomato,0,0,662.645,58.815,0,0,4,18.866,1.8821,1.965,1.34,4788.33,1691.676488,176.19762,120.15512,42.93599744,168.7641428,0,0,0,0
447,6_9,LMT,2018,Maize,0,0,541.18,55.76,0,0,0,0,0,0,0,0,0,0,0,0,0,133.9163559,50.550335,74.1218105,50.550335
448,7_8,CMT,2018,Maize,0,0,0,0,0,0,0,0,0,0,0,0,0,0,0,0,0,182.3226169,50.29534163,84.7250515,50.29534163
449,8_8,OMT,2018,Maize,0,0,803.03,72.235,0,0,4,18.866,1.8821,1.965,1.34,4788.33,1691.676488,176.19762,120.15512,42.93599744,168.7641428,0,0,0,0
450,8_9,CMT,2018,Tomato,0,0,0,0,0,0,0,0,0,0,0,0,0,0,0,0,0,182.3226169,50.29534163,84.7250515,50.29534163
