sample_id,timepoint,crop,plot,mgmttype,depth_upper,depth_lower,depth_code,total_biomass,011: 12:0,019: 14:0 iso,026: 14:0,028: 15:1 iso w6c,029: 15:4 w3c,030: 15:1 anteiso w9c,031: 15:0 iso,033: 15:0 anteiso,041: 15:0,045: 16:0 iso,047: 16:0 anteiso,048: 16:1 w9c,050: 16:1 w7c,052: 16:1 w5c,054: 16:1 w3c,055: 16:0,056: 17:1 iso w10c,057: 16:0 10-methyl,058: 17:1 iso w9c,059: 17:1 anteiso w9c,061: 17:0 iso,062: 17:0 anteiso,064: 17:1 w8c,067: 17:0 cyclo w7c,071: 17:0,072: 17:1 w7c 10-methyl,074: 17:0 10-methyl,075: 18:3 w6c,076: 18:0 iso,078: 18:2 w6c,079: 18:1 w9c,081: 18:1 w7c,083: 18:1 w5c,086: 18:1 w7c 10-methyl,087: 17:0 iso 3OH,088: 18:0 10-methyl,090: 19:3 w6c,095: 19:1 w8c,099: 19:0 cyclo w7c,102: 20:4 w6c,103: 20:5 w3c,104: 20:3 w6c,106: 20:2 w6c,107: 20:1 w9c,112:20:00,113: 20:0 10-methyl,121: 21:1 w3c,123: 22:5 w6c,124: 22:6 w3c,135:22:00,142:23:00,149:24:00,10_methyl,Straight,18_2_w6_9c,Branched,MUFA,16_1_w5c,18_1_w9c,Hydroxy,PUFA,Cyclo,AM_Fungi,Gram_Negative,Eukaryote,Fungi,Gram_Positive,Actinomycetes,Fungi_Bacteria,Predator_Prey,Grampos_Gramneg,Sat_Unsat,Mono_Poly,GNeg_Stress,bulkD_12,bulkD_07,bulkD_93,percC_93,percN_93,percC_03,percN_03,percC_12,percN_12,percN_18,percC_18
1,TP1,T,1_1,LMT,0,15,15,101.36,,0.78,0.97,1.05,0.29,0.37,6.92,4.45,0.72,2.73,,2.04,11.65,4.18,,12.9,,7.53,0.98,0.66,1.43,1.83,1.33,3.55,0.52,0.85,0.68,,0.74,3.53,8.03,10.55,1.68,0.86,,1.98,,,3.16,0.45,0.2,,,0.42,0.43,0.29,,,,0.28,,0.35,12.04,15.95,3.48,21.66,27.3,4.12,7.92,,0.92,6.62,4.9,40.35,1.09,4.14,35.19,14.32,0.121,0.017,0.994,0.859,8.941,3.31,1.12,1.17,1.55,1.015478204,0.098271327,1.07,0.106,1.210490455,0.131219716,0.124962,1.1620269
2,TP1,T,1_1,LMT,15,60,45,30.21,,,0.36,,,,2.37,1.47,,0.95,,,3.01,0.79,,4.87,,4.31,0.78,,0.72,0.79,,0.87,,1.04,,,,0.35,1.95,1.72,0.45,,,0.82,,,1.97,,,,,,,0.61,,,,,,,22.46,17.31,1.15,23.44,17.15,2.62,6.46,,,9.4,3.16,32.11,,1.39,36.16,27.17,0.067,,1.729,1.455,22.761,1.666,1.41004,1.520038,1.63003,0.855848006,0.081509021,0.85994,0.0813275,0.909943222,0.089479218,0.0933963,0.8652694
3,TP1,T,1_1,LMT,60,100,40,11,,,,,,,0.66,0.46,,0.54,,,0.74,,,2.14,,1.9,0.47,,0.36,0.3,,,,0.98,,,,,0.62,0.37,,,,,,,0.57,,,,,,,0.9,,,,,,,34.33,19.45,,25.32,10.13,,5.61,,,5.17,,18.99,,,38.39,42.62,,,3.9,2.575,,1.96,1.68,1.6825,1.69,0.680454562,0.062965756,0.625,0.061,0.597170284,0.05657919,0.072075,0.6379943
4,TP1,C,1_2,OMT,0,15,15,94.92,,0.61,0.77,0.92,0.25,0.3,6.17,3.92,0.64,2.39,,1.59,9.7,3.6,,13.53,,7.58,0.92,0.52,1.31,1.72,1.03,2.81,0.47,0.94,0.53,,0.87,5.86,7.38,9.1,1.59,0.7,,1.85,,,3.06,0.4,0.19,,,0.25,0.5,,,,,0.29,,0.65,12.21,17.76,6.18,20.7,24.51,3.8,7.77,,0.89,6.19,4.62,37.32,1.08,7.51,34.62,14.85,0.17,0.017,1.072,0.964,5.107,3.2,1.48,1.414,1.5,1.033159719,0.099281514,1.175,0.126,1.415542441,0.148285388,0.1614338,1.4222088
5,TP1,C,1_2,OMT,15,60,45,23.72,,,,,,,1.87,1.27,,0.78,,0.45,1.39,0.64,,4.18,,3.84,0.61,,0.59,0.69,,0.63,,1.05,,,,0.41,1.33,1.25,0.38,,,0.67,,,1.68,,,,,,,,,,,,,,23.44,17.63,1.75,24.5,14.63,2.71,5.6,,,9.74,3.29,29.59,,2.12,36.54,28.46,0.082,,1.967,1.724,13.126,1.142,1.3467,1.442714,1.53335,0.855026483,0.081947245,0.99151,0.1023125,0.970355705,0.094329497,0.102419,0.9326174
6,TP1,C,1_2,OMT,60,100,40,16.81,,,,,,,1.27,0.87,,0.86,,,0.94,,,3.16,,3.19,0.46,,0.58,0.55,,0.37,,1.51,,,,,0.9,0.56,,,,0.63,,,0.98,,,,,,,,,,,,,,31.69,18.81,,27.22,8.93,,5.35,,,8,,20.85,,,40.12,39.03,,,3.481,3.034,,1.116,1.65,1.656,1.65,0.62005,0.065,0.67,0.0655,0.701252258,0.067365221,0.0732611,0.6814962
7,TP1,T,1_3,CMT,0,15,15,28.81,,,0.27,,,,2.37,1.3,,0.83,,0.56,2.78,0.92,,4.37,,3.9,0.79,,0.62,0.76,0.26,0.93,,0.72,,,,0.49,2.07,2.3,0.44,,,0.73,,,1.39,,,,,,,,,,,,,,18.57,16.11,1.69,23.17,22.01,3.19,7.17,,,8.08,3.81,35.87,,2.02,36.17,22.13,0.081,,1.387,1.128,19.136,2.182,1.1,1.376,1.48,1.086029283,0.101397259,0.995,0.104,1.090268058,0.101282163,0.1071848,1.0280291
8,TP1,T,1_3,CMT,15,60,45,46.43,,,0.45,0.43,,,4.41,2.09,0.33,1.31,,1.03,3.89,1.39,,7.21,,6.54,0.67,0.33,1.03,1.11,0.37,1.37,,0.85,0.28,,,0.25,3.07,2.82,0.65,0.34,,1.06,,,2.47,,,,,,0.31,0.39,,,,,,,20.38,17.87,0.53,24.49,18.86,2.99,6.61,,,8.27,3.64,33.03,,0.64,37.86,24.82,0.061,,1.654,1.38,53.831,1.748,1.6,1.444692,1.5567,0.862175925,0.082109341,0.88328,0.085162,0.906186743,0.086781421,0.0906695,0.865829
9,TP1,T,1_3,CMT,60,100,40,16.36,,,,,,,0.98,0.64,,0.63,,,1.07,,,4.55,,2.82,0.52,,0.44,0.39,,,,1.23,,,,,0.94,0.54,,,,0.58,,,1.02,,,,,,,,,,,,,,28.3,27.8,,22.08,9.84,,5.76,,,6.22,,22.25,,,38.56,39.2,,,3.136,2.993,,1.581,1.68,1.758,1.68,0.598920408,0.054671383,0.61,0.059,0.66544835,0.060859298,0.0718787,0.6352873
10,TP1,C,1_4,CMT,0,15,15,46.84,,,0.38,0.54,,,3.57,1.84,0.29,1.16,,0.82,4.44,1.46,,7.32,,5.06,0.61,0.26,0.83,0.93,0.49,1.45,0.25,0.78,0.25,,,1.38,3.49,4.08,0.68,0.4,,1.06,,,1.9,,,,,,0.36,0.3,,,,0.23,,0.25,16.74,19.35,2.94,20.77,22.44,3.12,7.46,,,7.17,3.87,36.71,,3.65,35.01,20.76,0.106,,1.267,1.124,11.227,2.536,1.28,1.336,1.48,1.04569928,0.102297432,1.04,0.1095,0.995365469,0.096372768,0.1048008,1.026751
11,TP1,C,1_4,CMT,15,60,45,21.91,,,,,,,1.63,1.14,,0.6,,,1.8,0.56,,4.98,,3.39,0.61,,0.54,0.57,,0.54,,0.84,,,,,1.24,1,0.35,,,0.54,,,1.36,,,,,,,0.22,,,,,,,22.79,22.73,,23.23,14.34,2.58,5.68,,,8.65,3.34,29.75,,,37.41,29.5,0.05,,2.002,1.911,,1.473,1.51679,1.426058,1.49335,0.829113291,0.081089788,0.84159,0.0816605,0.760401511,0.077620851,0.0866918,0.821005
12,TP1,C,1_4,CMT,60,100,40,11.83,,,,,,,0.67,0.42,,0.45,,,0.75,,,3.23,,2.28,0.47,,0.35,,,,,0.99,,,,,0.71,0.42,,,,,,,0.68,,,,,,,0.41,,,,,,,31.07,27.34,,19.99,9.85,,5.99,,,5.77,,21.5,,,35.75,42.75,,,3.269,2.74,,1.706,1.61,1.642,1.61,0.652204201,0.060992388,0.54,0.0565,0.555247808,0.055440554,0.0603575,0.5237247
13,TP1,T,2_3,OMT,0,15,15,85.8,,0.48,0.63,0.65,,,5.98,3.39,0.58,2.2,,1.61,8.23,3.06,,11.64,,8.03,0.91,0.44,1.29,1.6,0.94,2.79,0.37,0.91,0.49,,0.69,4.48,6.95,8.71,1.23,0.66,,1.66,,,3.36,0.37,,,,0.27,0.39,,,,,0.25,,0.54,13.69,16.79,5.23,20.55,24.48,3.57,8.1,,0.43,7.17,4.29,38.04,0.52,6.28,34.43,16.45,0.147,0.008,1.082,0.957,6.392,2.753,1.17,1.46,1.5,0.827684079,0.083362906,1.1,0.1305,1.312461008,0.134567542,0.1548333,1.3007793
14,TP1,T,2_3,OMT,15,60,45,27.29,,,,,,,1.82,1.4,,0.8,,,2.02,0.73,,6.09,,3.58,0.71,,0.63,0.72,,0.65,,1.24,,,,0.39,1.46,1.39,0.41,,,0.81,,,2.01,,,,,,,0.41,,,,,,,22.15,22.33,1.42,22.27,14.03,2.68,5.35,,,9.78,3.45,30.65,,1.83,35.56,28.51,0.08,,1.866,1.904,15.53,1.28,1.41336,1.45537,1.49667,0.662087181,0.065627035,0.78988,0.0818195,0.848447815,0.078279724,0.078616,0.7081191
15,TP1,T,2_3,OMT,60,100,40,9.81,,,,,,,0.54,0.36,,0.44,,,0.52,,,2.28,,1.78,0.51,,0.31,0.29,,,,0.81,,,,,0.7,0.37,,,,0.37,,,0.53,,,,,,,,,,,,,,30.14,23.25,,25.01,9.07,,7.16,,,5.37,,18.82,,,41.91,39.27,,,3.818,2.65,,1.69,1.69,1.654,1.69,0.515250321,0.050151295,0.52,0.052,0.564795847,0.054663398,0.061602,0.5254154
16,TP1,C,2_4,LMT,0,15,15,87.28,,0.57,0.67,0.68,,0.28,5.38,3.91,0.58,2.38,,1.54,8.56,2.89,0.31,12.01,,6.29,0.83,0.53,1.18,1.59,1.31,2.67,0.48,0.8,0.57,,0.49,3.55,6.75,11.2,1.54,0.71,,1.66,,,3.1,0.36,0.16,,,0.36,0.43,0.27,,,,0.31,,0.36,11.8,17,4.07,20.44,28.43,3.31,7.74,,0.6,6.61,3.98,42.21,0.72,4.91,33.95,14.22,0.118,0.011,0.92,0.868,8.445,3.425,1.17,1.436,1.33,0.846769675,0.080866614,0.875,0.0885,1.027752741,0.101634464,0.1071801,0.9566263
17,TP1,C,2_4,LMT,15,60,45,27.97,,,,,,,2.5,1.49,,0.9,,0.56,1.97,0.76,,5.18,,4.24,0.72,,0.74,0.77,,0.76,,0.85,,,,,1.77,1.5,0.44,,,0.74,,,1.63,,,,,,,0.45,,,,,,,22.45,18.53,,25.44,15.98,2.72,6.32,,,8.56,3.34,30.13,,,38.98,27.55,0.048,,1.951,1.655,,1.45,1.2101,1.40002,1.50006,0.715138045,0.068999508,0.709935,0.0686605,0.670733188,0.071447222,0.0761235,0.6577616
18,TP1,C,2_4,LMT,60,100,40,15.45,,,,,,,0.95,0.66,,0.59,,,0.63,,,4.37,,2.47,0.5,,0.44,0.41,,,,1.13,,,,,0.73,0.5,,,,0.51,,,0.92,,,,,,,0.64,,,,,,,30.71,28.27,,22.98,7.33,,4.75,,,5.96,,18.54,,,38.65,42.81,,,4.038,3.976,,1.23,1.68,1.646,1.66,0.508039572,0.055047001,0.535,0.057,0.345113963,0.040388996,0.0636471,0.5183941
19,TP1,C,4_4,LMT,0,15,15,82.88,,0.46,0.61,0.62,,,5.44,3.3,0.63,1.9,,1.48,7.19,2.88,,14.02,,6.55,0.81,0.37,1.16,1.44,0.85,2.32,0.45,0.75,0.47,0.73,,5.31,6.11,8.36,1.56,0.64,,1.47,,,3.11,0.25,,,,0.32,0.6,,,,,0.32,,0.42,11.93,20.56,6.4,18.68,23.84,3.48,7.37,,1.18,6.54,4.38,38.25,1.49,8.06,32.8,15.02,0.176,0.024,1.008,1.033,4.574,2.867,1.34,1.3,1.5,0.804208096,0.08143261,0.86,0.0875,0.975588216,0.095220571,0.0989789,0.8571081
20,TP1,C,4_4,LMT,15,60,45,22.36,,,,,,,1.75,1.19,,0.75,,0.39,1.12,0.51,,5.34,,3.55,0.62,,0.6,0.64,,0.51,,1.06,,,,,1.21,0.83,0.32,,,0.59,,,1.05,,,,,,,0.33,,,,,,,24.77,23.9,,24.8,11.86,2.27,5.43,,,6.97,2.98,24.74,,,39.73,32.55,0.046,,2.633,2.349,,1.247,1.23006,1.358654,1.5767,0.56734877,0.056880539,0.62491,0.060657,0.605666545,0.062404545,0.0701138,0.5732667
21,TP1,C,4_4,LMT,60,100,40,12.44,,,,,,,0.93,0.64,,0.57,,,0.82,,,2.98,,2.13,0.52,,0.41,0.41,,,,0.75,,,,,0.72,0.49,,,,,,,0.79,,,,,,,0.29,,,,,,,25.42,23.97,,27.99,10.52,,5.75,,,6.35,,22.18,,,44.38,33.44,,,3.167,2.937,,1.656,1.46,1.378,1.46,0.432890988,0.042101619,0.445,0.044,0.423044515,0.047201647,0.0497582,0.4137246
22,TP1,T,4_5,CMT,0,15,15,69.39,,0.61,0.65,0.69,,0.32,4.27,3.1,0.44,1.63,,1.41,8.14,3.32,,10.06,4.81,,0.79,0.38,0.94,1.25,0.8,2.26,0.42,0.61,0.36,,0.38,2.54,4.97,8.54,0.67,0.61,,0.99,,,2.18,0.31,,,,,0.37,,,,,0.26,,0.3,3.72,18.02,3.66,27.64,28.18,4.78,7.16,,0.45,6.4,5.83,42.18,0.55,4.47,42.44,4.54,0.136,0.008,0.907,0.877,9.759,3.756,1.08,1.346,1.52,0.876852844,0.092065015,0.88,0.0945,1.07034663,0.102719093,0.0905054,0.8298318
23,TP1,T,4_5,CMT,15,60,45,17.55,,,,,,,1.39,1.07,,0.64,,,0.9,0.46,,3.71,,3.02,0.67,,0.51,0.6,,0.46,,0.85,,,,,1.04,0.69,,,,0.57,,,0.97,,,,,,,,,,,,,,25.33,21.14,,27.75,9.06,2.63,5.92,,,8.17,3.33,21.85,,,42.7,32.12,0.052,,3.08,2.562,,1.108,1.46666,1.35732,1.43665,0.629665002,0.061714655,0.689925,0.0688265,0.737311308,0.071237527,0.0700489,0.6528805
24,TP1,T,4_5,CMT,60,100,40,15.27,,,,,,,1.2,0.81,,0.52,,,1.07,,,4.58,,2.46,0.55,,0.41,0.37,,,,0.92,,,,,0.85,0.58,,,,,,,0.55,,,,,,,0.4,,,,,,,24.76,30.01,,25.33,10.77,,5.55,,,3.58,,20.51,,,44.11,35.38,,,3.49,3.169,,3.009,1.45,1.288,1.46,0.462225447,0.044762912,0.445,0.0415,0.512099031,0.046801708,0.0493457,0.4471259
25,TP1,C,5_5,CMT,0,15,15,46.09,,,0.47,,,,3.63,2.05,0.34,1.17,,0.9,4.44,1.54,,7.74,,5.04,0.95,,0.85,0.92,0.46,1.4,,0.63,0.29,,,0.73,3.66,4.12,0.8,0.29,,0.95,,,1.93,,,,,,0.33,,,,,0.22,,0.23,15.64,20.23,1.59,20.78,23.24,3.35,7.94,,,7.22,4.2,38.19,,2,36,19.61,0.084,,1.195,1.127,21.676,2.571,1.36,1.384,1.52,0.98218033,0.100638746,0.98,0.1075,0.979631885,0.093880553,0.09581,0.9122213
26,TP1,C,5_5,CMT,15,60,45,20.11,,,,,,,1.75,1.06,,0.52,,,1.04,0.5,,5.96,,3.04,0.55,,0.47,0.5,,0.42,,0.67,,,,,0.99,0.8,,,,0.51,,,1.03,,,,,,,0.32,,,,,,,22.55,29.61,,24.11,9.14,2.49,4.9,,,7.2,3.54,23.21,,,41.21,32.03,0.055,,2.855,3.082,,1.27,1.21009,1.402012,1.52334,0.797387577,0.079127273,0.79329,0.0774955,0.728979778,0.073798885,0.0733087,0.7017248
27,TP1,C,5_5,CMT,60,100,40,16.08,,,,,,,1.25,0.91,,0.56,,,1.37,,,3.82,,2.72,0.58,,0.44,0.45,,0.37,,0.96,,,,,1.21,0.69,,,,,,,0.74,,,,,,,,,,,,,,22.92,23.77,,26.07,12.78,,7.56,,,6.91,,25.83,,,44.1,30.07,,,2.488,2.274,,1.848,1.53,1.466,1.53,0.653463183,0.062597602,0.615,0.061,0.635436776,0.06177396,0.0608603,0.5537451
28,TP1,T,6_3,LMT,0,15,15,95.86,,0.74,0.88,1.04,0.29,0.38,6.65,4.29,0.69,2.57,,1.97,9.94,3.79,,12.98,,7.18,0.95,0.59,1.38,1.84,1.15,3.17,0.5,0.83,0.61,,0.59,3.07,7.67,9.52,1.79,0.87,,1.94,,,3.29,0.4,,,,0.38,0.51,0.66,,,,0.32,,0.43,12.61,17.01,3.2,21.93,25.83,3.95,8,,0.72,6.74,4.77,39.24,0.87,3.86,36.06,15.2,0.116,0.013,1.061,0.931,9.624,3.012,1.22,1.242,1.46,0.936359476,0.09165637,0.985,0.0985,1.210654831,0.11834364,0.1182372,1.0974273
29,TP1,T,6_3,LMT,15,60,45,25.79,,,,,,,2.33,1.48,,0.83,,0.59,1.82,0.76,,4.96,,3.71,0.63,,0.61,0.67,,0.66,,0.63,,,,0.52,1.5,1.49,0.41,,,0.66,,,1.52,,,,,,,,,,,,,,19.42,19.22,2,25.42,16.71,2.96,5.81,,,8.46,3.66,31.16,,2.47,38.67,24.04,0.088,,1.781,1.656,12.75,1.517,1.44668,1.526004,1.57337,0.860775163,0.078048879,0.863305,0.0796625,0.939242861,0.088937768,0.0879829,0.7895013
30,TP1,T,6_3,LMT,60,100,40,16.36,,,,,,,1.16,0.85,,0.49,,,1.16,0.33,,3.96,,2.76,0.54,,0.41,0.45,,0.39,,0.84,,,,,0.84,0.6,,,,0.44,,,0.83,,,,,,,0.3,,,,,,,26.62,24.21,,23.83,10.73,1.99,5.14,,,7.47,2.63,24.02,,,38.22,35.13,0.042,,2.771,2.503,,1.436,1.57,1.458,1.57,0.740420946,0.06706306,0.675,0.0675,0.718814995,0.068686935,0.0648724,0.5721776
31,TP1,T,6_4,OMT,0,15,15,91.02,,0.61,0.74,0.99,0.25,0.22,7.17,4.05,0.57,2.31,,1.68,7.71,3.48,,12.35,,8.44,0.92,0.52,1.52,1.83,0.82,2.43,0.47,0.99,0.46,,0.61,3.72,6.9,8.61,1.47,0.71,,1.73,,,3.66,0.47,,,,0.46,0.45,0.55,0.14,,,0.3,0.16,0.56,14.16,17.12,4.08,22.8,22.95,3.83,7.58,,0.79,6.69,4.62,35.76,0.95,4.93,36.66,17.09,0.133,0.015,1.247,1.054,7.05,2.68,1.29,1.296,1.54,1.05614835,0.104195579,1.205,0.132,1.49540516,0.146202908,0.1623713,1.3636706
32,TP1,T,6_4,OMT,15,60,45,44.87,,,0.34,,,,4.26,2.63,0.31,1.29,,1.01,2.67,1.42,,7.88,,5.79,0.91,,1.07,1.17,,1.18,,0.9,,,,1.54,2.85,3.09,0.44,,,0.97,,,2.88,,,,,,,,,,,,,0.26,17.08,19.59,3.43,25.24,16.09,3.16,6.36,,,9.05,3.93,31.26,,4.27,39.3,21.24,0.116,,1.683,1.671,7.464,1.421,1.49009,1.454008,1.49667,0.869436719,0.082618824,0.969865,0.099317,0.999681511,0.093948494,0.1029343,0.9454658
33,TP1,T,6_4,OMT,60,100,40,18.83,,,,,,,1.16,0.85,,0.6,,,1.35,0.36,,4.78,,2.41,0.55,,0.46,0.44,,0.44,,1.11,,,,0.37,1.02,0.81,,,,0.45,,,0.91,,,,,,,0.75,,,,,,,25.09,25.41,1.98,21.57,11.46,1.89,5.44,,,7.16,2.54,24.95,,2.66,36.21,33.64,0.085,,2.507,2.346,9.474,1.601,1.59,1.6,1.59,0.668272708,0.066032449,0.62,0.0615,0.655909742,0.061594302,0.0801138,0.7107344
34,TP1,C,6_5,OMT,0,15,15,121.33,,0.79,1.07,0.99,0.26,0.49,6.95,5.21,0.84,3.08,,1.96,12.18,3.8,0.28,19.07,,7.89,1.13,0.64,1.56,2.13,1.54,3.8,0.68,0.87,0.7,,1.08,6.7,9.95,12.61,1.83,1.08,,2.16,,,3.86,0.53,0.21,,,0.56,0.82,0.53,,,,0.49,0.21,0.82,10.9,19.78,5.52,19.82,25.52,3.14,8.2,,0.82,6.31,3.91,39.68,1.02,6.88,34.93,13.58,0.146,0.016,0.965,0.98,5.815,3.239,1.49,1.342,1.51,0.957251521,0.096802773,1.09,0.1185,1.368947539,0.149787575,0.1635662,1.4096115
35,TP1,C,6_5,OMT,15,60,45,45.34,,,0.39,,,,3.78,2.21,0.32,1.32,,0.91,3.31,1.34,,8.14,,5.74,0.89,,0.96,1.09,0.36,1.25,,0.96,0.28,,,0.73,3.19,3.05,0.68,0.29,,1.09,,,2.5,,,,,,0.32,,,,,,,0.22,18.44,20.74,1.61,22.63,18.33,2.96,7.03,,,8.27,3.73,33.56,,2.03,37.42,23.26,0.081,,1.544,1.462,17.622,1.697,1.53346,1.37869,1.51668,0.790220221,0.079622455,0.94486,0.0991465,0.881143911,0.090102724,0.0966668,0.858675
36,TP1,C,6_5,OMT,60,100,40,10.35,,,,,,,0.57,0.39,,0.4,,,0.67,,,3.91,,1.55,0.43,,0.32,0.26,,,,0.87,,,,,0.49,,,,,,,,0.49,,,,,,,,,,,,,,23.38,37.75,,22.93,6.48,,4.74,,,4.73,,18,,,44.45,37.55,,,4.133,5.04,,1.37,1.69,1.578,1.7,0.64058041,0.062188082,0.625,0.0605,0.61150745,0.063620448,0.0749043,0.6049755
37,TP1,T,6_7,LMT,0,15,15,93.13,,0.68,0.78,0.87,0.26,0.31,6.65,4.08,0.65,2.51,,1.91,9.61,3.79,,12.85,7.45,,0.99,0.56,1.45,1.84,1.11,2.99,0.49,0.84,0.59,,0.57,2.78,7.7,9.18,1.8,0.76,,1.83,,,3.25,0.46,,,,0.38,0.49,,,,,0.31,,0.36,4.32,17.1,2.98,30.03,25.76,4.07,8.27,,0.77,6.7,4.91,39.16,0.92,3.6,46.2,5.21,0.113,0.014,1.058,0.931,10.158,3.009,1.22,1.27,1.37,0.990451705,0.094633741,1.025,0.1,1.229662596,0.113602656,0.1137555,1.0341101
38,TP1,T,6_7,LMT,15,60,45,24.46,,,,,,,2.1,1.28,,0.78,,0.5,1.58,0.72,,4.2,,3.79,0.7,,0.62,0.73,,0.65,,0.73,,,,,1.7,1.59,0.43,,,0.73,,,1.64,,,,,,,,,,,,,,21.49,17.15,,25.36,16.75,2.95,6.94,,,9.36,3.56,31.52,,,38.98,25.94,0.051,,1.794,1.489,,1.385,1.40003,1.412704,1.40335,0.815473685,0.076904735,0.85327,0.0786595,0.897909716,0.085312604,0.0809289,0.7410243
39,TP1,T,6_7,LMT,60,100,40,11.79,,,,,,,0.68,0.53,,0.47,,,0.82,,,2.56,,2.14,0.52,,0.36,0.35,,,,1.01,,,,,0.77,0.42,,,,0.49,,,0.68,,,,,,,,,,,,,,30.81,21.69,,24.67,10.51,,6.51,,,5.81,,20.84,,,39.81,39.35,,,3.399,2.464,,1.81,1.64,1.646,1.64,0.639733401,0.060054454,0.61,0.063,0.635263592,0.062940846,0.0645185,0.5465772
40,TP1,T,6_8,OMT,0,15,15,109.67,,0.79,0.94,1.16,0.32,0.34,8.51,4.76,0.67,2.98,,2.02,10.33,4.17,,14.63,,9.78,1.1,0.68,1.8,2.25,1.16,3.25,0.56,1.12,0.61,,0.65,3.25,9.23,10.46,1.75,0.97,0.29,1.81,,,4.44,0.39,,,,0.49,0.56,0.62,,,,0.34,,0.49,13.59,16.59,2.96,22.81,23.9,3.81,8.41,0.26,0.65,7.01,4.56,37.37,0.77,3.55,37.44,16.3,0.11,0.012,1.178,0.991,10.012,2.705,1.08,1.3,1.58,1.035520437,0.099905484,1.275,0.139,1.433269697,0.138909915,0.1800252,1.5497375
41,TP1,T,6_8,OMT,15,60,45,32.38,,,,,,,2.85,1.79,,1,,0.67,2.18,1.03,,5.39,,4.57,0.79,,0.78,0.9,,0.88,,0.76,,,,0.47,2.4,2.15,0.48,,,0.87,,,1.91,,,,,,,0.5,,,,,,,20.69,16.65,1.45,25.07,16.93,3.17,7.42,,,8.62,3.8,30.65,,1.74,38.98,24.82,0.08,,1.791,1.428,18.962,1.553,1.35672,1.388678,1.54667,0.906956251,0.087602135,0.98155,0.098653,1.161528208,0.10934877,0.1060963,0.9275195
42,TP1,T,6_8,OMT,60,100,40,16.87,,,,,,,0.97,0.75,,0.6,,,0.94,,,4.65,,2.8,1.39,,0.44,0.42,,,,0.96,,,,,0.98,0.52,,,,,,,0.79,,,,,,,0.66,,,,,,,26.22,27.56,,27.08,8.65,,5.83,,,4.67,,18.39,,,45.42,36.19,,,4.001,3.203,,1.855,1.63,1.588,1.63,0.699404365,0.065717602,0.715,0.0675,0.794549867,0.0690473,0.0759198,0.6787754
43,TP1,C,6_9,LMT,0,15,15,80.11,,0.51,0.72,0.71,,,6.16,3.71,0.51,2.17,,1.62,8.12,2.71,,11.78,,7.34,1.01,0.42,1.27,1.67,0.93,2.47,0.33,0.95,0.53,,,1.9,6.52,7.4,1.78,0.64,,1.75,,,3.07,,,,,,0.48,0.26,,,,0.32,,0.34,14.32,18.08,2.37,21.99,24.79,3.38,8.14,,,6.92,4.13,38.71,,2.9,36.78,17.48,0.094,,1.145,1.03,15.297,2.8,1.2,1.286,1.56,0.976663823,0.097076156,1.06,0.1085,1.132776689,0.103266248,0.1221309,1.1165391
44,TP1,C,6_9,LMT,15,60,45,26.47,,,,,,,2.37,1.42,,0.83,,0.61,1.71,0.75,,5.04,,3.9,0.77,,0.66,0.73,,0.65,,0.73,,,,0.28,1.69,1.36,0.48,,,0.77,,,1.43,,,,,,,0.27,,,,,,,21.41,19.06,1.06,25.65,15.74,2.84,6.39,,,7.86,3.51,29.15,,1.31,39.58,26.45,0.07,,1.995,1.674,23.633,1.478,1.33006,1.397344,1.55667,0.902234953,0.086248703,0.87827,0.084493,0.99522264,0.092530996,0.0906612,0.8436492
45,TP1,C,6_9,LMT,60,100,40,31.64,,,,,,,2.78,1.76,,0.98,,0.64,2.11,0.98,,5.23,,4.46,0.76,,0.77,0.91,,0.88,,0.73,,,,0.46,2.34,2.12,0.47,,,0.87,,,1.89,,,,,,,0.49,,,,,,,20.73,16.54,1.46,25.15,16.86,3.1,7.4,,,8.77,3.72,30.71,,1.74,39,24.84,0.078,,1.79,1.436,18.798,1.525,1.66,1.548,1.67,0.729470971,0.069906246,0.705,0.069,0.668007183,0.063458126,0.0736385,0.6585824
46,TP1,C,7_8,CMT,0,15,15,63.09,,0.33,0.55,0.64,,,4.16,2.7,0.44,1.57,,1.21,6.89,2.38,,8.53,,5.38,0.87,0.36,0.92,1.16,0.72,2.19,0.3,0.61,0.39,,0.44,1.85,5.15,6.91,1.45,0.46,,1.17,,,2.23,0.29,,,,,0.34,,,,,0.23,,0.31,12.68,16.94,2.94,20.82,27.21,3.77,8.16,,0.47,7.01,4.54,41.2,0.56,3.54,34.89,15.27,0.107,0.009,0.979,0.879,11.495,3.12,1.19,1.408,1.5,1.040739142,0.105631222,1.05,0.1145,1.033564023,0.09826346,0.1043455,0.9620851
47,TP1,C,7_8,CMT,15,60,45,23.57,,,,,,,2.05,1.17,,0.68,,0.47,1.51,0.62,,4.52,,3.83,0.68,,0.6,0.63,,0.57,,0.97,,,,,1.45,1.21,0.43,,,0.71,,,1.47,,,,,,,,,,,,,,23.35,19.16,,24.64,15.41,2.62,6.17,,,8.65,3.24,29.76,,,38.11,28.89,0.048,,1.995,1.692,,1.337,1.23671,1.463338,1.53669,0.861727418,0.08292951,0.88494,0.0843275,0.843819434,0.080325576,0.0802164,0.7749622
48,TP1,C,7_8,CMT,60,100,40,15.81,,,,,,,1.02,0.74,,0.55,,,1.21,0.26,,3.24,,2.32,0.52,,0.42,0.4,,0.33,,1.06,,,,,1.17,0.67,,,,0.45,,,0.75,,,,,,,0.69,,,,,,,28.59,20.51,,23.13,11.91,1.67,7.4,,,6.79,2.1,23.52,,,38.4,35.97,0.034,,2.766,1.923,,1.755,1.65,1.732,1.65,0.698158728,0.066594803,0.67,0.0665,0.688338334,0.065092309,0.0676893,0.6260885
49,TP1,C,8_8,OMT,0,15,15,109.51,,0.78,0.93,1.01,0.27,0.39,7.38,4.99,0.73,2.94,,1.82,10.69,4.06,,14.85,,8.67,1.07,0.67,1.6,2.1,1.19,3.14,0.59,0.95,0.6,,1.04,5.54,8.58,11.13,2.15,0.99,,1.68,,,3.91,0.62,0.21,,,0.51,0.61,,,,,0.41,,0.7,11.77,17.17,5.06,21.9,25.11,3.71,7.83,,1,6.45,4.48,38.1,1.21,6.11,35.89,14.21,0.145,0.019,1.067,0.962,6.048,3.092,1.17,1.462,1.5,0.910222348,0.088700152,1.015,0.11,1.316441211,0.140785278,0.1568511,1.2856619
50,TP1,C,8_8,OMT,15,60,45,31.02,,,0.34,,,,2.73,2.02,0.29,1,,,2.82,0.89,,5.27,,4.43,0.81,,0.74,0.86,,0.81,,0.83,,,,0.29,1.77,1.63,0.41,,,0.78,,,1.93,,,,,,,0.38,,,,,,,20.67,19.02,0.94,26.29,15.66,2.85,5.72,,,8.85,3.52,30.27,,1.15,39.52,25.53,0.067,,1.916,1.762,25.914,1.62,1.43015,1.43268,1.34998,0.801445164,0.076645309,0.94988,0.0979815,0.867582549,0.090492171,0.0898199,0.8551992
51,TP1,C,8_8,OMT,60,100,40,16.36,,,,,,,1.04,0.86,,0.61,,,0.97,0.26,,4.24,,2.82,0.56,,0.46,0.44,,0.33,,1.03,,,,,0.76,0.48,,,,0.53,,,0.96,,,,,,,,,,,,,,26.79,25.92,,24.3,8.83,1.6,4.63,,,7.92,2.16,22.62,,,39.05,36.17,0.035,,3.049,3.106,,1.115,1.58,1.656,1.57,0.719813653,0.072848555,0.67,0.069,0.658110114,0.066944842,0.0715051,0.6606323
52,TP1,T,8_9,CMT,0,15,15,69.86,,0.4,0.6,0.53,,,5.32,2.94,0.47,1.8,,1.44,6.78,2.33,,11.13,6.26,,1.24,,1.08,1.27,0.7,2.14,0.34,0.78,0.4,,,3.42,5.93,5.93,0.84,0.52,,1.2,,,2.47,,,,,,0.44,0.54,,,,0.3,,0.33,4.91,19.49,4.89,29.82,22.47,3.33,8.48,,,6.6,4.14,36.1,,6.08,47.58,6.1,0.141,,1.195,1.103,7.009,2.758,1.33,1.226,1.55,0.858854266,0.084497106,0.87,0.0915,0.95355866,0.094536268,0.0982905,0.9162457
53,TP1,T,8_9,CMT,15,60,45,41.05,,0.29,0.41,0.42,,,3.55,2.04,0.28,1.08,,0.78,3.91,1.47,,6.44,,4.91,0.87,,0.81,0.85,0.32,1.22,,0.7,0.22,,,0.57,2.79,3.33,0.59,0.29,,0.82,,,1.83,,,,,,0.25,,,,,,,,16.9,17.98,1.39,24.17,21.76,3.58,6.81,,,7.42,4.37,35.56,,1.7,37.77,20.6,0.083,,1.408,1.213,23.056,2.378,1.49672,1.394656,1.53667,0.720421366,0.069980218,0.743315,0.0721645,0.777452907,0.074928051,0.0839323,0.7678668
54,TP1,T,8_9,CMT,60,100,40,14.96,,,,,,,0.99,0.69,,0.65,,,0.94,0.24,,2.75,,2.28,0.7,,0.42,0.41,,0.23,,1.11,,,,,0.91,0.49,,,,0.45,,,0.8,,,,,,,0.9,,,,,,,31.69,18.4,,25.84,9.53,1.6,6.08,,,6.85,1.96,20.08,,,39.13,38.84,0.033,,3.512,2.297,,1.391,1.58,1.532,1.58,0.702836704,0.065432037,0.685,0.067,0.70649449,0.068500803,0.0761335,0.6857402
55,TP2,T,1_1,LMT,0,15,15,76.66,,0.58,0.81,0.62,,,6.68,3.38,0.6,2.47,,1.27,6.39,2.77,,10.83,5.96,,1.24,,1.71,1.71,0.84,2.63,0.54,0.83,0.52,,0.39,1.58,5.84,6.26,1.61,0.74,0.53,1.87,,,3.65,0.3,,,,0.37,0.4,0.19,,,,0.27,,0.31,5.42,17.95,2.06,32.24,21.83,3.61,7.62,0.69,0.39,8.18,4.4,37.42,0.48,2.51,48.59,6.6,0.091,0.007,1.255,1.196,13.5,2.017,1.12,1.17,1.55,1.015478204,0.098271327,1.07,0.106,1.210490455,0.131219716,0.126858,1.2557452
56,TP2,T,1_1,LMT,15,60,45,40.62,,,0.44,,,,3.27,2.39,0.38,1.66,,,3.38,1.09,,7.21,,4.53,1.06,,0.99,1.21,0.37,1.19,,1.2,0.27,,,0.53,2.65,2.33,0.72,,,1.07,,,2.32,,,,,,,0.34,,,,,,,18.27,19.76,1.31,26.06,16.74,2.69,6.53,,,8.64,3.35,31.62,,1.64,40.62,22.77,0.069,,1.747,1.665,19.758,1.625,1.41004,1.520038,1.63003,0.855848006,0.081509021,0.85994,0.0813275,0.909943222,0.089479218,0.0893288,0.9013245
57,TP2,T,1_1,LMT,60,100,40,15.28,,,,,,,0.93,0.62,,0.63,,,1.23,0.32,,3.2,,2.14,0.61,,0.45,0.39,,0.41,,0.92,,,,,0.96,0.74,,,,0.5,,,0.84,,,,,,,0.39,,,,,,,25.88,20.96,,23.7,12.93,2.08,6.28,,,8.17,2.63,26.69,,,37.93,32.75,0.041,,2.35,1.911,,1.582,1.68,1.6825,1.69,0.680454562,0.062965756,0.625,0.061,0.597170284,0.05657919,0.0745047,0.7988161
58,TP2,T,1_3,CMT,0,15,15,48.39,,0.29,0.53,0.3,,,4.02,2.14,0.42,1.61,,0.76,4.03,1.62,,8.01,,4.46,0.88,,1.14,1.12,0.52,1.63,0.31,0.63,0.31,,,0.9,3.46,3.64,0.71,0.5,,1.03,,,2.59,,,,,,0.34,,,,,0.24,,0.29,14.31,20.94,1.85,23.76,19.95,3.34,7.14,,,8.71,4.22,36.25,,2.34,39.09,18.1,0.087,,1.328,1.389,16.451,1.819,1.1,1.376,1.48,1.086029283,0.101397259,0.995,0.104,1.090268058,0.101282163,0.1101133,1.1835385
59,TP2,T,1_3,CMT,15,60,45,27.99,,,0.32,,,,2.19,1.35,0.27,0.86,,,2.71,0.8,,5.16,,3.68,0.68,,0.69,0.69,0.23,0.79,,0.8,,,,0.27,1.84,1.64,0.4,,,0.64,,,1.67,,,,,,,0.32,,,,,,,19.41,20.59,0.96,23.04,17.77,2.84,6.59,,,8.79,3.58,33.45,,1.21,37.31,24.45,0.068,,1.598,1.514,28.211,1.769,1.6,1.444692,1.5567,0.862175925,0.082109341,0.88328,0.085162,0.906186743,0.086781421,0.0849817,0.9596345
60,TP2,T,1_3,CMT,60,100,40,15.68,,,,,,,0.93,0.59,,0.52,,,1.07,,,3.69,,2.36,0.59,,0.42,0.34,,,,1.18,,,,,0.78,0.41,,,,,,,0.84,,,,,,,1.97,,,,,,,35.13,23.54,,21.6,9.42,,4.98,,,5.32,,19.28,,,34.77,45.95,,,3.848,2.875,,1.769,1.68,1.758,1.68,0.598920408,0.054671383,0.61,0.059,0.66544835,0.060859298,0.0738161,0.8150986
61,TP2,T,2_3,OMT,0,15,15,89.93,,0.65,0.8,0.77,,,8.06,4.03,0.65,3.12,,1.17,6.48,3.23,,12.86,,8.13,1.37,,2.26,2.11,0.86,2.89,0.65,0.99,0.54,,0.53,1.84,6.89,6.96,1.7,0.96,,1.99,,,5.26,0.4,,,,0.49,0.49,,0.15,,,0.27,,0.38,14.02,17.9,2.05,25.46,19.8,3.59,7.66,,0.45,9.06,4.37,35.16,0.55,2.49,40.35,17.08,0.091,0.008,1.368,1.301,12.45,1.649,1.17,1.46,1.5,0.827684079,0.083362906,1.1,0.1305,1.312461008,0.134567542,0.1717727,1.4854253
62,TP2,T,2_3,OMT,15,60,45,37.64,,0.23,0.33,,,,2.91,2.01,0.25,1.32,,0.68,2.86,1.27,,5.51,,4.07,0.78,,0.87,0.99,0.38,1.18,0.24,0.87,0.25,,,0.63,2.89,2.92,0.52,0.28,,0.93,,,2.15,,,,,,,0.29,,,,,,,17.78,16.83,1.68,24.25,19.55,3.37,7.68,,,8.85,4.05,34.15,,2.03,38.4,21.37,0.084,,1.48,1.274,18.167,1.736,1.41336,1.45537,1.49667,0.662087181,0.065627035,0.78988,0.0818195,0.848447815,0.078279724,0.0925679,1.222108
63,TP2,T,2_3,OMT,60,100,40,15.26,,,,,,,0.88,0.76,,0.77,,,1.23,0.35,,3.16,,1.91,0.52,,0.41,0.4,,0.34,,0.86,,,,0.36,1.09,1.01,,,,0.43,,,0.77,,,,,,,,,,,,,,20.97,20.69,2.38,24.54,14.67,2.31,7.15,,,7.29,2.91,27.69,,3,39.96,26.44,0.087,,2.072,1.733,10.157,2.014,1.69,1.654,1.69,0.515250321,0.050151295,0.52,0.052,0.564795847,0.054663398,0.0629531,0.6258939
64,TP2,T,4_5,CMT,0,15,15,53.07,,,0.69,,,,4.74,2.4,,1.7,,,5.21,1.87,,10.15,,5.21,1.52,,1.3,1.2,,1.71,,0.67,,,,0.76,4.37,3.6,0.76,,,1.15,,,2.64,,,,,,,1.42,,,,,,,15.91,20.43,1.43,24.23,18.04,3.52,8.24,,,8.2,4.43,32.97,,1.8,40.81,19.99,0.084,,1.53,1.402,20.832,2.027,1.08,1.346,1.52,0.876852844,0.092065015,0.88,0.0945,1.07034663,0.102719093,0.1002538,1.0177067
65,TP2,T,4_5,CMT,15,60,45,32.18,,,,,,,3,1.7,,1.11,,,2.94,0.91,,5.84,,4.3,0.83,,0.88,0.89,,0.95,,0.82,,,,0.34,2.16,1.97,0.46,,,0.78,,,1.8,,,,,,,0.48,,,,,,,19.83,18.13,1.04,26.16,16.72,2.84,6.72,,,8.55,3.47,30.87,,1.27,40.16,24.23,0.067,,1.82,1.588,25.2,1.786,1.46666,1.35732,1.43665,0.629665002,0.061714655,0.689925,0.0688265,0.737311308,0.071237527,0.0762374,0.8452971
66,TP2,T,4_5,CMT,60,100,40,11.96,,,,,,,1.01,0.67,,0.49,,,0.87,,,2.59,,2.06,0.55,,0.4,0.4,,,,0.8,,,,,0.75,0.45,,,,,,,0.54,,,,,,,0.4,,,,,,,27.25,21.62,,29.31,11.02,,6.3,,,4.5,,19.8,,,45.43,34.77,,,3.644,2.675,,2.449,1.45,1.288,1.46,0.462225447,0.044762912,0.445,0.0415,0.512099031,0.046801708,0.1004135,0.9763265
67,TP2,T,6_3,LMT,0,15,15,62.75,,0.51,0.64,0.46,,,5.78,2.85,0.47,2.2,,0.94,4.85,2.26,,8.77,,5.23,0.99,,1.48,1.41,0.62,2.1,0.45,0.64,0.44,,0.28,1.22,5.11,4.91,1.33,0.63,,1.51,,,3.12,0.24,,,,0.4,0.33,0.16,,,,0.18,,0.25,13.7,17.67,1.94,25.43,20.82,3.61,8.14,,0.38,8.32,4.38,35.39,0.46,2.35,40.77,16.64,0.088,0.007,1.343,1.238,14.049,1.871,1.22,1.242,1.46,0.936359476,0.09165637,0.985,0.0985,1.210654831,0.11834364,0.1231306,1.280918
68,TP2,T,6_3,LMT,15,60,45,24.99,,,,,,,2.21,1.33,,0.85,,0.4,1.94,0.83,,3.98,,2.95,0.51,,0.57,0.64,0.22,0.77,,0.53,,,,0.6,1.99,1.89,0.35,,,0.66,,,1.3,,,,,,,0.47,,,,,,,18.43,15.94,2.38,24.44,19.21,3.32,7.98,,,8.3,3.95,32.72,,2.84,38.57,21.92,0.095,,1.559,1.257,12.793,1.847,1.44668,1.526004,1.57337,0.860775163,0.078048879,0.863305,0.0796625,0.939242861,0.088937768,0.0487139,0.4987336
69,TP2,T,6_3,LMT,60,100,40,13.55,,,,,,,1.17,0.83,,0.63,,0.23,0.82,0.32,,2.26,,2.13,0.43,,0.39,0.4,,0.41,,0.67,,,,0.14,0.79,0.8,,,,0.42,,,0.74,,,,,,,,,,,,,,23.77,16.64,1.01,28.35,13.61,2.37,5.8,,,8.45,2.84,26.46,,1.21,40.97,28.52,0.06,,2.363,1.92,21.624,1.412,1.57,1.458,1.57,0.740420946,0.06706306,0.675,0.0675,0.718814995,0.068686935,0.0719259,0.7975949
70,TP2,T,6_4,OMT,0,15,15,69.92,,0.59,0.72,0.54,,,6.3,3.24,0.53,2.47,,0.98,5.23,2.69,,9.61,,5.78,1.08,,1.64,1.61,0.68,2.23,0.54,0.8,0.47,,0.4,1.53,5.5,5.62,1.31,0.71,,1.69,,,3.55,0.3,,,,0.39,0.34,0.36,,,,0.21,,0.29,14.01,17.51,2.19,25.55,20.33,3.85,7.87,,0.43,8.27,4.66,34.67,0.52,2.65,40.51,16.98,0.097,0.008,1.383,1.254,12.232,1.877,1.29,1.296,1.54,1.05614835,0.104195579,1.205,0.132,1.49540516,0.146202908,0.1693839,1.4835267
71,TP2,T,6_4,OMT,15,60,45,23.13,,,0.2,,,,2.3,1.29,,0.87,,0.36,1.51,0.74,,3.7,,3.26,0.55,,0.62,0.63,,0.68,,0.61,,,,0.35,1.68,1.4,0.35,,,0.66,,,1.37,,,,,,,,,,,,,,19.57,16.87,1.52,27.06,15.67,3.2,7.24,,,8.87,3.85,29.52,,1.82,41.26,23.55,0.08,,1.9,1.591,17.213,1.419,1.49009,1.454008,1.49667,0.869436719,0.082618824,0.969865,0.099317,0.999681511,0.093948494,0.1033283,1.0568081
72,TP2,T,6_4,OMT,60,100,40,13.19,,,,,,,1.1,0.74,,0.66,,,0.8,0.34,,2.19,,2.02,0.42,,0.39,0.4,,0.38,,0.81,,,,,0.92,0.78,,,,0.44,,,0.79,,,,,,,,,,,,,,24.82,16.64,,28.14,11.95,2.59,6.99,,,8.87,3.1,24.99,,,42.14,29.78,0.046,,2.543,1.932,,1.347,1.59,1.6,1.59,0.668272708,0.066032449,0.62,0.0615,0.655909742,0.061594302,0.0722353,0.7150595
73,TP2,T,6_7,LMT,0,15,15,69.13,,0.59,0.72,0.53,,,6.26,3.17,0.51,2.37,,1.02,5.63,2.49,,9.65,5.41,,1,,1.58,1.52,0.69,2.37,0.47,0.69,0.5,,0.36,1.33,5.67,5.67,1.66,0.73,,1.69,,,3.42,0.22,,,,0.34,0.35,,,,,0.24,,0.29,5.21,17.69,1.93,32.96,21.71,3.6,8.2,,0.31,8.38,4.37,36.56,0.38,2.35,50.01,6.32,0.087,0.006,1.268,1.2,14.936,1.951,1.22,1.27,1.37,0.990451705,0.094633741,1.025,0.1,1.229662596,0.113602656,0.1297517,1.3103376
74,TP2,T,6_7,LMT,15,60,45,36.07,,0.24,0.33,0.39,,,3.32,1.84,0.23,1.19,,0.64,2.79,1.12,,5.22,,4.14,0.68,,0.83,0.9,0.3,1.1,0.19,0.72,0.24,,,0.4,2.68,2.54,0.56,0.27,,0.94,,,1.89,,,,,,0.19,0.2,,,,,,,18.04,17.08,1.1,26.03,18.92,3.11,7.43,,,8.3,3.75,32.82,,1.32,40.35,21.76,0.069,,1.619,1.363,26.818,1.779,1.40003,1.412704,1.40335,0.815473685,0.076904735,0.85327,0.0786595,0.897909716,0.085312604,0.0906029,0.9944545
75,TP2,T,6_7,LMT,60,100,40,11.02,,,,,,,0.83,0.61,,0.49,,,0.68,,,2.45,,1.74,0.37,,0.35,0.33,,0.25,,0.84,,,,,0.56,0.42,,,,0.4,,,0.72,,,,,,,,,,,,,,27.02,22.19,,26.94,9.96,,5.11,,,8.77,,24.07,,,41.2,34.73,,,2.881,3.035,,1.135,1.64,1.646,1.64,0.639733401,0.060054454,0.61,0.063,0.635263592,0.062940846,0.0634308,0.7542794
76,TP2,T,6_8,OMT,0,15,15,62.72,,0.53,0.6,0.52,,,5.78,3.06,0.46,2.1,,0.95,4.82,2.35,,9.05,,5.64,0.65,0.26,1.43,1.53,0.64,2,0.44,0.79,0.42,,0.23,1.16,4.9,4.71,0.87,0.57,,1.57,,,3.16,0.22,,,,0.32,0.34,0.19,,,,0.2,,0.26,14.66,18.11,1.85,25.62,19.62,3.75,7.81,,0.34,8.23,4.58,34.02,0.42,2.26,40.82,17.9,0.092,0.006,1.446,1.316,14.203,1.846,1.08,1.3,1.58,1.035520437,0.099905484,1.275,0.139,1.433269697,0.138909915,0.1697492,1.524654
77,TP2,T,6_8,OMT,15,60,45,40.38,,0.35,0.39,0.24,,,3.52,2.37,0.29,1.45,,0.71,3.13,1.43,,6,,3.98,0.66,,0.91,1.06,0.38,1.24,0.24,0.7,0.24,,,0.72,3.13,3.06,0.53,0.3,,0.99,,,2.01,,,,,,0.19,,,,,,,0.16,15.41,18.02,1.78,26.12,19.37,3.53,7.74,,,8.03,4.31,33.41,,2.18,41.31,18.79,0.087,,1.516,1.368,17.179,1.911,1.35672,1.388678,1.54667,0.906956251,0.087602135,0.98155,0.098653,1.161528208,0.10934877,0.1096802,1.0536444
78,TP2,T,6_8,OMT,60,100,40,13.18,,,,,,,1.08,0.79,,0.59,,,0.71,0.3,,2.48,,2.25,0.39,,0.41,0.41,,0.34,,0.85,,,,,0.88,0.61,,,,0.43,,,0.66,,,,,,,,,,,,,,26.75,18.79,,27.89,10.04,2.29,6.64,,,7.6,2.82,21.72,,,42.52,32.94,0.044,,3.098,2.302,,1.322,1.63,1.588,1.63,0.699404365,0.065717602,0.715,0.0675,0.794549867,0.0690473,0.0715898,0.7834606
79,TP2,T,8_9,CMT,0,15,15,36.71,,0.26,0.35,,,,3.48,1.78,0.28,1.22,,0.65,2.88,1.32,,5.78,,3.55,0.61,,0.91,0.85,0.41,1.18,0.27,0.43,0.25,,,0.94,2.89,2.77,0.51,0.37,,0.77,,,2.01,,,,,,,,,,,,,,14.63,18.2,2.57,24.81,19.64,3.6,7.86,,,8.71,4.4,34.65,,3.14,39.93,17.88,0.101,,1.391,1.33,12.105,1.767,1.33,1.226,1.55,0.858854266,0.084497106,0.87,0.0915,0.95355866,0.094536268,0.0965825,1.0476497
80,TP2,T,8_9,CMT,15,60,45,23.64,,,0.22,,,,2.34,1.36,,0.8,,0.5,1.74,0.74,,3.97,,3.12,0.52,,0.63,0.63,,0.65,,0.57,,,,0.37,1.7,1.58,0.31,,,0.57,,,1.32,,,,,,,,,,,,,,18.01,17.74,1.55,26.57,17.47,3.12,7.21,,,8.34,3.79,31.37,,1.89,41.06,21.89,0.078,,1.727,1.515,17.922,1.685,1.49672,1.394656,1.53667,0.720421366,0.069980218,0.743315,0.0721645,0.777452907,0.074928051,0.0760107,0.7754021
81,TP2,T,8_9,CMT,60,100,40,9.24,,,,,,,0.66,0.45,,0.51,,,0.37,0.15,,1.73,,1.48,0.36,,0.32,0.28,,0.18,,0.85,,,,,0.43,0.34,,,,0.34,,,0.55,,,,,,,0.26,,,,,,,31.7,18.69,,27.88,7.66,1.57,4.61,,,7.89,1.94,19.12,,,39.95,38.99,0.033,,3.832,3.085,,0.971,1.58,1.532,1.58,0.702836704,0.065432037,0.685,0.067,0.70649449,0.068500803,0.0730299,0.7845494
82,TP3,T,1_1,LMT,0,15,15,43.66,,0.27,0.38,0.25,,,4.2,1.94,0.29,1.58,,0.64,2.81,1.33,,6.98,,4.81,0.54,0.18,1.21,1.14,0.37,1.28,0.28,0.85,0.3,,,0.55,3.13,2.6,0.64,0.34,,1.35,,,2.51,,,,,0.2,0.26,0.27,,,,,,0.17,18.12,19.16,1.26,25.89,16.65,3.05,7.17,,,8.7,3.77,31.35,,1.56,40.9,22.42,0.074,,1.737,1.594,21.244,1.427,1.12,1.17,1.55,1.015478204,0.098271327,1.07,0.106,1.210490455,0.131219716,0.1221783,1.2260974
83,TP3,T,1_1,LMT,15,60,45,17.98,,,,,,,1.42,1.07,,0.72,,0.27,1.04,0.46,,3.46,,2.26,0.45,,0.51,0.51,,0.55,,0.91,,,,0.22,1.08,1.06,0.29,,,0.51,,,1.21,,,,,,,,,,,,,,20.46,19.22,1.21,26.05,14.78,2.54,6.01,,,9.74,3.14,30.35,,1.5,39.68,25.33,0.066,,1.897,1.833,19.293,1.197,1.41004,1.520038,1.63003,0.855848006,0.081509021,0.85994,0.0813275,0.909943222,0.089479218,0.0806248,0.8078662
84,TP3,T,1_1,LMT,60,100,40,9.72,,,,,,,0.64,0.47,,0.52,,,0.39,,,2.51,,1.49,0.33,,0.31,0.29,,,,0.79,,,,,0.57,0.45,,,,0.36,,,0.6,,,,,,,,,,,,,,27.05,25.83,,26.39,8.68,,5.88,,,6.17,,20.03,,,43.5,36.47,,,3.598,3.355,,1.406,1.68,1.6825,1.69,0.680454562,0.062965756,0.625,0.061,0.597170284,0.05657919,0.0657631,0.600137
109,TP3,C,1_2,OMT,0,15,15,61.14,,0.44,0.65,0.43,,,5.47,2.88,0.47,2.03,,0.83,4.81,1.98,,9.2,,5.61,1,,1.44,1.42,0.6,1.83,0.4,0.85,0.4,,0.27,1.08,4.74,4.81,1.1,0.52,,1.62,,,2.78,0.16,,,,0.3,0.36,0.24,,,,0.2,,0.23,15.11,18.82,1.76,25.15,20.36,3.24,7.75,,0.25,7.55,3.99,34.37,0.31,2.17,40.53,18.62,0.082,0.005,1.443,1.317,15.523,2.085,1.48,1.414,1.5,1.033159719,0.099281514,1.175,0.126,1.415542441,0.148285388,0.1610033,1.4380893
110,TP3,C,1_2,OMT,15,60,45,40.98,,0.28,0.37,,,,3.91,2.11,0.28,1.54,,0.59,2.75,1.31,,5.96,,4.8,0.71,,1.11,1.09,0.34,1.18,0.25,0.92,0.26,,,0.52,2.87,2.63,0.72,0.26,,1.11,,,2.27,,,,,0.19,0.2,0.28,,,,,,0.15,18.62,17.64,1.28,26.21,17.6,3.2,7.01,,,8.43,3.89,31.61,,1.55,40.34,22.61,0.076,,1.722,1.514,21.756,1.557,1.3467,1.442714,1.53335,0.855026483,0.081947245,0.99151,0.1023125,0.970355705,0.094329497,0.160869,1.4368288
111,TP3,C,1_2,OMT,60,100,40,12.43,,,,,,,0.94,0.66,,0.6,,,0.56,0.29,,2.36,,2.05,0.38,,0.41,0.37,,0.32,,1.02,,,,,0.61,0.54,,,,0.47,,,0.86,,,,,,,,,,,,,,28.44,18.96,,27.04,8.86,2.33,4.88,,,9.49,2.88,22.64,,,39.38,35.1,0.046,,3.024,2.673,,0.934,1.65,1.656,1.65,0.62005,0.065,0.67,0.0655,0.701252258,0.067365221,0.0742227,0.7423851
85,TP3,T,1_3,CMT,0,15,15,44.96,,0.29,0.43,0.3,,,3.61,1.83,0.33,1.36,,0.58,3.08,1.31,0.23,8.95,,3.67,0.71,,0.96,0.92,0.42,1.39,0.35,0.5,0.25,,,1.75,3.13,3.43,0.48,0.39,,0.89,,,2.15,0.15,,,,,0.37,0.18,,,,0.24,,0.34,13.08,24.48,3.89,22.19,18.29,2.9,6.97,,0.33,7.87,3.84,34.63,0.44,5.15,38.61,17.32,0.123,0.007,1.349,1.559,6.672,1.842,1.1,1.376,1.48,1.086029283,0.101397259,0.995,0.104,1.090268058,0.101282163,0.1152997,1.2149307
86,TP3,T,1_3,CMT,15,60,45,26.24,,0.23,0.28,,,,2.14,1.72,,0.89,,0.43,1.67,0.71,,4.93,,2.89,0.53,,0.63,0.66,0.24,0.67,0.19,0.69,,,,0.6,1.78,1.73,0.29,,,0.57,,,1.35,,,,,,,0.27,,,,,,0.16,16.84,21.23,2.28,25.86,16.62,2.7,6.77,,,7.71,3.42,30.88,,2.9,41.43,21.38,0.087,,1.756,1.729,11.434,1.682,1.6,1.444692,1.5567,0.862175925,0.082109341,0.88328,0.085162,0.906186743,0.086781421,0.0887268,0.8837714
87,TP3,T,1_3,CMT,60,100,40,11.73,,,,,,,0.86,0.67,,0.57,,,0.5,0.19,,2.29,,1.76,0.33,,0.35,0.33,,0.24,,0.88,,,,0.22,0.62,0.5,,,,0.37,,,0.71,,,,,,,0.34,,,,,,,28.54,19.5,1.86,26.49,8.5,1.66,5.31,,,8.13,2.06,20.66,,2.31,39.51,35.46,0.073,,3.309,2.789,8.323,1.045,1.68,1.758,1.68,0.598920408,0.054671383,0.61,0.059,0.66544835,0.060859298,0.0759122,0.7744446
112,TP3,C,1_4,CMT,0,15,15,45.08,,0.35,0.45,0.28,,,3.65,2.56,0.33,1.7,,0.61,3.65,1.41,,7.34,,3.91,0.82,,0.94,1.05,0.57,1.33,0.26,0.73,0.36,,,1.38,3.39,3.23,0.46,0.36,,1.01,,,2.02,,,,,,0.28,0.22,,,,0.19,,0.25,14.62,20.16,3.06,25.18,18.92,3.12,7.51,,,7.43,3.91,32.99,,3.84,40.94,18.31,0.105,,1.511,1.452,9.649,2.057,1.28,1.336,1.48,1.04569928,0.102297432,1.04,0.1095,0.995365469,0.096372768,0.1070875,1.0700487
113,TP3,C,1_4,CMT,15,60,45,21.98,,,0.23,,,,1.78,1.25,,0.79,,0.37,1.59,0.63,,3.84,,2.64,0.45,,0.55,0.56,0.21,0.6,,0.67,,,,0.51,1.47,1.61,0.27,,,0.56,,,1.19,,,,,,,0.19,,,,,,,18.46,18.53,2.34,24.51,18.46,2.88,6.67,,,8.15,3.54,32.67,,2.87,38.27,22.65,0.09,,1.614,1.463,11.965,1.789,1.51679,1.426058,1.49335,0.829113291,0.081089788,0.84159,0.0816605,0.760401511,0.077620851,0.0882301,0.8926083
114,TP3,C,1_4,CMT,60,100,40,10.18,,,,,,,0.79,0.48,,0.57,,,0.67,0.23,,1.93,,1.56,0.38,,0.33,0.31,,0.24,,0.67,,,,,0.54,0.5,,,,0.37,,,0.61,,,,,,,,,,,,,,25.56,18.92,,28.16,11.57,2.24,5.28,,,8.28,2.76,24.48,,,41.24,31.53,0.042,,2.707,2.269,,1.397,1.61,1.642,1.61,0.652204201,0.060992388,0.54,0.0565,0.555247808,0.055440554,0.0616724,0.5467961
88,TP3,T,2_3,OMT,0,15,15,71.8,,0.59,0.68,0.59,,,6.78,3.35,0.54,2.71,,0.93,4.95,2.42,,10.25,,6.58,0.71,0.23,1.83,1.72,0.7,2.36,0.6,0.93,0.46,,0.42,1.54,5.38,5.34,1.09,0.7,,1.36,,,3.93,0.33,,,,0.4,0.38,0.38,0.14,,,0.2,,0.31,14.49,18.04,2.15,26.36,18.87,3.37,7.49,,0.46,8.76,4.12,33.72,0.56,2.62,41.31,17.68,0.091,0.009,1.478,1.4,11.405,1.635,1.17,1.46,1.5,0.827684079,0.083362906,1.1,0.1305,1.312461008,0.134567542,0.1635053,1.4386776
89,TP3,T,2_3,OMT,15,60,45,22.26,,,0.2,,,,2.08,1.35,,0.93,,0.39,1.24,0.6,,3.43,,3.05,0.45,,0.69,0.66,,0.68,,0.99,,,,0.26,1.36,1.2,0.32,,,0.65,,,1.54,,,,,,,0.18,,,,,,,21.9,16.33,1.18,27.67,14.13,2.69,6.13,,,9.98,3.21,28.82,,1.41,40.39,26.17,0.067,,2.056,1.83,19.4,1.099,1.41336,1.45537,1.49667,0.662087181,0.065627035,0.78988,0.0818195,0.848447815,0.078279724,0.0892786,0.8265484
90,TP3,T,2_3,OMT,60,100,40,24.89,,,0.25,,,,1.84,1.84,,1.09,,0.39,2.16,0.77,,4.23,,2.32,0.59,,0.51,0.71,0.29,0.62,,0.56,,,,0.51,2.18,2.32,0.28,,,0.53,,,0.9,,,,,,,,,,,,,,13.7,17.99,2.06,26.42,21.87,3.09,8.74,,,6.12,3.77,34.13,,2.51,42.87,16.71,0.082,,1.433,1.247,16.344,2.939,1.69,1.654,1.69,0.515250321,0.050151295,0.52,0.052,0.564795847,0.054663398,0.0578022,0.5103539
115,TP3,C,2_4,LMT,0,15,15,57.23,,0.43,0.56,0.43,,,4.97,2.77,0.41,1.9,,0.9,4.76,2.13,,8.2,,4.94,0.66,0.25,1.22,1.27,0.68,1.98,0.4,0.65,0.39,,0.27,1.19,4.29,4.6,0.85,0.54,,1.35,,,2.87,0.16,,,,0.28,0.33,0.24,,,,0.16,,0.18,14.15,17.92,2.09,24.77,21.1,3.72,7.49,,0.29,8.48,4.53,36.03,0.35,2.54,39.31,17.24,0.095,0.005,1.316,1.238,13.608,1.931,1.17,1.436,1.33,0.846769675,0.080866614,0.875,0.0885,1.027752741,0.101634464,0.1178961,1.1054034
116,TP3,C,2_4,LMT,15,60,45,23.4,,,0.24,,,,2.12,1.33,0.2,0.85,,0.37,1.54,0.68,,3.75,,3.05,0.56,,0.64,0.67,,0.66,,0.69,0.16,,,0.3,1.37,1.4,0.33,,,0.7,,,1.44,,,,,,,0.35,,,,,,,21.16,17.9,1.27,26.33,15.58,2.9,5.88,,,8.97,3.53,29.91,,1.55,39.23,25.78,0.074,,1.934,1.718,19.134,1.399,1.2101,1.40002,1.50006,0.715138045,0.068999508,0.709935,0.0686605,0.670733188,0.071447222,0.0781803,0.7340178
117,TP3,C,2_4,LMT,60,100,40,21.77,,,0.25,,,,1.63,1.11,0.19,0.79,,,2.1,0.69,,3.71,,2.17,0.52,,0.48,0.5,0.23,0.78,,0.62,,,,0.42,1.58,1.7,0.27,0.18,,0.57,,,1.06,,,,,,,0.22,,,,,,,17.25,19.03,1.94,23.11,19.77,3.18,7.25,,,8.46,3.93,34.86,,2.39,37.51,21.31,0.087,,1.43,1.316,15.584,2.062,1.68,1.646,1.66,0.508039572,0.055047001,0.535,0.057,0.345113963,0.040388996,0.0666314,0.6308668
118,TP3,C,4_4,LMT,0,15,15,61.23,,0.44,0.51,0.44,,0.14,5.58,2.95,0.4,2.23,,0.82,4.54,1.92,,8.43,,5.79,0.67,0.25,1.35,1.34,0.55,2.14,0.4,0.91,0.43,,0.34,1.43,4.3,4.95,1.16,0.55,,1.32,,,3.3,0.25,,,,0.32,0.34,0.38,,,,0.18,,0.2,15.32,17.07,2.33,25.68,20.15,3.13,7.03,,0.4,8.88,3.78,35,0.48,2.81,39.44,18.48,0.089,0.007,1.412,1.312,11.087,1.746,1.34,1.3,1.5,0.804208096,0.08143261,0.86,0.0875,0.975588216,0.095220571,0.107018,1.0320219
119,TP3,C,4_4,LMT,15,60,45,28.57,,0.21,0.27,,,,2.61,1.59,0.18,1.06,,0.54,1.95,0.94,,4.75,,3.47,0.56,,0.7,0.69,0.22,0.76,0.16,0.7,0.16,,,0.54,1.72,1.92,0.37,0.17,,0.66,,,1.37,,,,,,0.14,0.18,,,,,,,18.69,19.28,1.89,25.92,17.46,3.29,6.03,,,7.44,4.07,30.85,,2.34,39.59,23.15,0.091,,1.792,1.616,14.18,1.817,1.23006,1.358654,1.5767,0.56734877,0.056880539,0.62491,0.060657,0.605666545,0.062404545,0.0725087,0.663995
120,TP3,C,4_4,LMT,60,100,40,11.44,,,,,,,1.06,0.69,,0.51,,,0.66,0.29,,2.27,,1.72,0.42,,0.35,0.33,,0.34,,0.55,,,,,0.7,0.66,,,,0.33,,,0.56,,,,,,,,,,,,,,22.76,19.84,,29.41,11.49,2.53,6.08,,,7.89,3.15,24.17,,,44.28,28.39,0.046,,2.692,2.268,,1.455,1.46,1.378,1.46,0.432890988,0.042101619,0.445,0.044,0.423044515,0.047201647,0.0511007,0.4384386
91,TP3,T,4_5,CMT,0,15,15,53.12,,0.49,0.52,0.31,,,5.25,2.85,0.39,1.89,,0.9,3.74,1.65,,8.06,,5.38,0.84,,1.33,1.24,0.48,1.64,0.38,0.59,0.32,,,0.95,4.14,3.38,0.57,0.5,,1.02,,,2.95,,,,,0.27,0.33,0.34,,,,0.19,,0.23,15.33,19.03,1.78,26.72,17.58,3.11,7.79,,,8.65,3.84,32.4,,2.2,42.62,18.94,0.081,,1.603,1.53,15.962,1.548,1.08,1.346,1.52,0.876852844,0.092065015,0.88,0.0945,1.07034663,0.102719093,0.0954239,0.9457548
92,TP3,T,4_5,CMT,15,60,45,16.98,,,,,,,1.67,1.11,,0.66,,0.32,1.19,0.42,,3.3,,2.26,0.49,,0.47,0.46,,0.47,,0.51,,,,,1.18,1.04,,,,0.41,,,0.81,,,,,,,0.21,,,,,,,19.96,19.45,,28.62,15.03,2.47,6.92,,,7.54,3.07,28.02,,,44.13,24.78,0.043,,2.153,1.849,,1.748,1.46666,1.35732,1.43665,0.629665002,0.061714655,0.689925,0.0688265,0.737311308,0.071237527,0.0663546,0.6153994
93,TP3,T,4_5,CMT,60,100,40,11.6,,,,,,,1.03,0.7,,0.48,,0.22,0.67,0.24,,2.24,,1.6,0.39,,0.34,0.31,,0.27,,0.61,,,,,0.88,0.64,,,,0.29,,,0.45,,,,,,,0.24,,,,,,,23.68,19.28,,28.02,13.16,2.05,7.56,,,6.25,2.54,24.05,,,44.08,29.33,0.037,,2.663,1.931,,1.804,1.45,1.288,1.46,0.462225447,0.044762912,0.445,0.0415,0.512099031,0.046801708,0.0505452,0.4240301
121,TP3,C,5_5,CMT,0,15,15,34.01,,0.23,0.32,,,,3.32,1.77,0.25,1.25,,0.52,2.6,1.16,,5.01,,3.84,0.59,,0.85,0.86,0.34,1.09,0.19,0.56,0.24,,,0.46,2.46,2.41,0.49,0.29,,0.84,,,1.86,,,,,,0.22,,,,,,,,16.95,17.6,1.36,26.08,18.7,3.41,7.22,,,8.67,4.14,33.21,,1.65,40.42,20.58,0.079,,1.572,1.43,21.593,1.698,1.36,1.384,1.52,0.98218033,0.100638746,0.98,0.1075,0.979631885,0.093880553,0.0938776,0.9002497
122,TP3,C,5_5,CMT,15,60,45,19.99,,,0.21,,,,2.02,1.12,,0.69,,0.34,1.38,0.6,,3.19,,2.85,0.5,,0.54,0.56,,0.54,,0.59,,,,0.18,1.23,1.21,0.29,,,0.55,,,1.09,,,,,,,0.3,,,,,,,21.47,17,0.89,27.2,16.11,3.02,6.15,,,8.15,3.63,29.23,,1.08,40.19,25.87,0.068,,2.006,1.649,28.315,1.588,1.21009,1.402012,1.52334,0.797387577,0.079127273,0.79329,0.0774955,0.728979778,0.073798885,0.0786683,0.7604646
123,TP3,C,5_5,CMT,60,100,40,16.05,,,0.19,,,,1.4,0.92,,0.59,,0.25,1.14,0.41,,2.75,,2.33,0.45,,0.43,0.42,,0.46,,0.61,,,,0.17,0.92,0.98,0.21,,,0.45,,,0.78,,,,,,,0.19,,,,,,,22.26,18.32,1.07,26.24,16.1,2.56,5.73,,,7.73,3.13,29.18,,1.3,39.13,27.25,0.065,,2.035,1.713,22.875,1.708,1.53,1.466,1.53,0.653463183,0.062597602,0.615,0.061,0.635436776,0.06177396,0.0668741,0.641754
94,TP3,T,6_3,LMT,0,15,15,73.87,,0.72,0.79,0.55,,,6.89,3.51,0.56,2.68,,1.04,5.55,2.71,,10.5,,5.72,1.07,,1.78,1.71,0.71,2.43,0.56,0.73,0.49,,0.33,1.65,5.64,5.68,1.41,0.82,,1.7,,,4,0.36,,,,0.52,0.38,,0.14,,,0.23,,0.32,12.81,18.05,2.24,26.05,20.37,3.67,7.63,,0.49,8.7,4.48,35.47,0.59,2.73,41.1,15.63,0.094,0.009,1.336,1.303,11.625,1.747,1.22,1.242,1.46,0.936359476,0.09165637,0.985,0.0985,1.210654831,0.11834364,0.1197285,1.2253325
95,TP3,T,6_3,LMT,15,60,45,26.07,,0.2,0.26,,,,2.45,1.51,,0.99,,0.42,1.78,0.85,,4.31,,3.05,0.57,,0.67,0.69,0.19,0.81,,0.57,0.17,,,0.31,1.81,1.66,0.4,,,0.67,,,1.52,,,,,,,0.2,,,,,,,17.9,17.52,1.17,27.18,17.1,3.26,6.96,,,8.91,3.95,31.54,,1.42,41.39,21.7,0.074,,1.733,1.556,23.272,1.482,1.44668,1.526004,1.57337,0.860775163,0.078048879,0.863305,0.0796625,0.939242861,0.088937768,0.0810221,0.7706448
96,TP3,T,6_3,LMT,60,100,40,12.54,,,,,,,1,0.71,,0.54,,,0.77,0.3,,2.34,,1.76,0.41,,0.37,0.37,,0.35,,0.74,,,,,0.85,0.73,,,,0.38,,,0.64,,,,,,,0.27,,,,,,,25.13,18.66,,27.13,11.98,2.39,6.77,,,7.93,2.94,24.48,,,41.68,30.89,0.044,,2.624,2.013,,1.51,1.57,1.458,1.57,0.740420946,0.06706306,0.675,0.0675,0.718814995,0.068686935,0.0660935,0.5756358
97,TP3,T,6_4,OMT,0,15,15,66.61,,0.54,0.72,0.49,,,5.51,3.18,0.5,2.23,,1,5.28,2.43,,9.86,,5.08,1.04,,1.37,1.48,0.75,2.25,0.47,0.65,0.49,,0.4,1.55,5.53,5.36,1.51,0.62,,1.46,,,3.03,0.29,,,,0.47,0.38,0.2,,,,0.24,,0.27,12.77,18.66,2.33,24.37,21.57,3.64,8.3,,0.44,7.92,4.48,36.27,0.54,2.86,40.16,15.7,0.096,0.008,1.259,1.2,12.137,2.015,1.29,1.296,1.54,1.05614835,0.104195579,1.205,0.132,1.49540516,0.146202908,0.1648766,1.5014811
98,TP3,T,6_4,OMT,15,60,45,29.84,,0.2,0.27,,,,2.98,1.69,0.21,1.02,,0.47,1.82,0.9,,4.71,,3.73,0.58,,0.82,0.81,0.22,0.86,0.17,0.68,0.18,,,0.33,2.03,1.71,0.42,0.18,,0.78,,,1.72,,,,,,0.17,0.16,,,,,,,19.16,18.55,1.11,27.14,15.56,3.02,6.8,,,8.66,3.71,29.74,,1.37,41.66,23.52,0.071,,1.911,1.723,22.819,1.367,1.49009,1.454008,1.49667,0.869436719,0.082618824,0.969865,0.099317,0.999681511,0.093948494,0.0983173,0.954367
99,TP3,T,6_4,OMT,60,100,40,20.09,,,0.21,,,,1.57,1.09,,0.75,,0.31,1.56,0.58,,3.42,,2.35,0.45,,0.49,0.49,0.19,0.6,,0.67,,,,0.33,1.57,1.42,0.27,,,0.56,,,0.93,,,,,,,0.28,,,,,,,19.16,18.08,1.62,24.12,18.71,2.89,7.81,,,7.6,3.53,32.12,,1.98,38.98,23.39,0.078,,1.645,1.359,18.122,1.956,1.59,1.6,1.59,0.668272708,0.066032449,0.62,0.0615,0.655909742,0.061594302,0.0714527,0.665582
124,TP3,C,6_5,OMT,0,15,15,63.66,,0.47,0.61,0.44,,,6.07,3.04,0.42,2.19,,0.86,4.45,2.13,,8.74,,6.54,0.91,,1.55,1.46,0.56,1.85,0.43,0.89,0.41,,0.32,1.06,5.14,4.51,1.19,0.53,,1.54,,,3.33,0.27,,,,0.34,0.32,0.7,,,,0.18,,0.21,16.67,17.13,1.67,25.84,18.72,3.34,8.07,,0.42,8.13,4.03,32.41,0.51,2.02,40.92,20.12,0.083,0.008,1.583,1.337,14.416,1.732,1.49,1.342,1.51,0.957251521,0.096802773,1.09,0.1185,1.368947539,0.149787575,0.1492763,1.319525
125,TP3,C,6_5,OMT,15,60,45,48.63,,0.39,0.49,0.33,,,4.2,2.71,0.36,1.7,,0.72,4.02,1.64,,7.47,,4.59,0.75,,1.05,1.15,0.49,1.45,0.3,0.71,0.32,,,0.93,3.62,3.96,0.66,0.38,,1.17,,,2.17,,,,,,0.27,0.27,,,,0.16,,0.2,15.3,19.01,1.92,25.26,20.26,3.37,7.45,,,7.44,4.16,34.2,,2.37,40.39,18.89,0.088,,1.464,1.353,16.199,2.205,1.53346,1.37869,1.51668,0.790220221,0.079622455,0.94486,0.0991465,0.881143911,0.090102724,0.1050549,0.9930818
126,TP3,C,6_5,OMT,60,100,40,15.54,,,,,,,1.25,0.88,,0.68,,0.21,0.95,0.43,,2.74,,2.11,0.36,,0.45,0.42,,0.45,,0.68,,,,0.21,1.04,1.02,0.19,,,0.48,,,0.78,,,,,,,0.22,,,,,,,22.47,17.66,1.33,25.98,15.27,2.74,6.68,,,7.88,3.33,28.11,,1.62,39.66,27.29,0.073,,2.093,1.675,18.538,1.611,1.69,1.578,1.7,0.64058041,0.062188082,0.625,0.0605,0.61150745,0.063620448,0.07693,0.7156684
100,TP3,T,6_7,LMT,0,15,15,65.34,,0.49,0.62,0.43,,,5.98,2.94,0.46,2.22,,0.93,4.56,2.09,,10.38,,5.76,0.69,0.24,1.53,1.48,0.58,1.99,0.45,0.71,0.42,,0.27,1.46,5.19,4.88,1.35,0.57,,1.62,,,3.23,0.25,,,,0.33,0.4,0.2,,,,0.27,,0.32,14.21,19.76,2.24,24.92,19.34,3.2,7.94,,0.39,7.98,3.99,34.06,0.48,2.79,40.96,17.71,0.091,0.007,1.432,1.38,11.597,1.811,1.22,1.27,1.37,0.990451705,0.094633741,1.025,0.1,1.229662596,0.113602656,0.0869494,0.8650173
101,TP3,T,6_7,LMT,15,60,45,25.76,,,0.24,,,,2.41,1.56,,0.88,,0.43,1.71,0.77,,4.56,,3.25,0.58,,0.69,0.71,,0.81,,0.62,,,,0.29,1.72,1.54,0.36,,,0.71,,,1.57,,,,,,,0.34,,,,,,,19.1,18.63,1.11,26.54,15.68,3,6.69,,,9.25,3.69,30.64,,1.37,40.84,23.47,0.071,,1.83,1.692,22.829,1.363,1.40003,1.412704,1.40335,0.815473685,0.076904735,0.85327,0.0786595,0.897909716,0.085312604,0.1268758,1.2447154
102,TP3,T,6_7,LMT,60,100,40,16.3,,,,,,,1.3,0.94,,0.65,,0.31,1.2,0.4,,2.82,,2.23,0.49,,0.44,0.44,,0.46,,0.79,,,,0.22,1.25,1.07,,,,0.5,,,0.81,,,,,,,,,,,,,,21.59,17.29,1.32,26.05,15.78,2.45,7.69,,,7.83,2.96,28.55,,1.6,40.79,26.1,0.066,,2.017,1.557,19.63,1.772,1.64,1.646,1.64,0.639733401,0.060054454,0.61,0.063,0.635263592,0.062940846,0.0681154,0.6636795
103,TP3,T,6_8,OMT,0,15,15,84.88,,0.68,0.78,0.57,0.15,0.16,6.76,3.74,0.59,2.76,0.14,1.06,5.61,2.51,0.27,14.45,,6.56,0.78,0.27,1.7,1.86,0.79,2.35,0.67,0.92,0.5,,0.39,4.07,7.97,6.01,1,0.66,,1.78,,,3.64,0.33,,,,0.39,0.53,0.34,0.18,,,0.32,0.17,0.49,12.68,21.21,4.79,23.34,18.02,2.95,9.38,,0.57,7.05,3.75,31.83,0.72,6.08,41.53,16.1,0.135,0.012,1.436,1.373,5.666,1.94,1.08,1.3,1.58,1.035520437,0.099905484,1.275,0.139,1.433269697,0.138909915,0.1747746,1.6030101
104,TP3,T,6_8,OMT,15,60,45,33.99,,0.25,0.3,,,,3.31,2,0.24,1.31,,0.55,2.15,1.02,,5.08,,4.3,0.63,,0.91,0.96,0.25,1.05,0.19,0.74,0.21,,,0.51,2.38,2.08,0.46,0.22,,0.87,,,2.04,,,,,,,,,,,,,,18.65,17.09,1.5,27.52,16.14,3.01,7.01,,,9.08,3.62,30.42,,1.81,41.65,22.49,0.075,,1.831,1.636,17.393,1.371,1.35672,1.388678,1.54667,0.906956251,0.087602135,0.98155,0.098653,1.161528208,0.10934877,0.1004133,0.9611167
105,TP3,T,6_8,OMT,60,100,40,19.19,,,0.2,,,,1.5,1.15,,0.87,,0.31,1.07,0.45,,3.06,,2.65,0.46,,0.53,0.56,,0.51,,1,,,,0.36,1.42,1.03,0.22,,,0.57,,,1.02,,,,,,,0.26,,,,,,,23.32,16.99,1.87,26.43,13.7,2.32,7.43,,,7.94,2.79,26.07,,2.25,40.79,28.09,0.075,,2.299,1.75,12.549,1.379,1.63,1.588,1.63,0.699404365,0.065717602,0.715,0.0675,0.794549867,0.0690473,0.0799513,0.7823005
127,TP3,C,6_9,LMT,0,15,15,79.09,0.25,0.7,0.82,0.58,0.16,0.15,7.12,3.59,0.6,2.9,0.16,1.03,5.57,2.93,,10.97,,6.05,0.99,,1.82,1.85,0.74,2.43,0.65,0.81,0.53,,0.47,1.74,6.05,6.1,1.61,0.85,,1.83,,0.19,4.21,0.54,,,,0.69,0.41,0.25,0.16,,,0.25,,0.33,13.05,18.04,2.21,25.71,20.35,3.71,7.65,,0.88,8.4,4.52,35.08,1.07,2.69,40.71,15.93,0.095,0.016,1.348,1.276,10.282,1.756,1.2,1.286,1.56,0.976663823,0.097076156,1.06,0.1085,1.132776689,0.103266248,0.1379547,1.3149234
128,TP3,C,6_9,LMT,15,60,45,30.73,,,0.28,,,,2.59,1.51,0.26,0.91,,0.38,1.73,0.77,,7.51,,3.66,0.58,,0.7,0.73,,0.85,0.23,0.67,,,,0.8,1.76,1.74,0.41,,,0.73,,,1.66,,,,,,0.28,,,,,,,,16.47,27.88,2.59,22.81,13.87,2.51,5.73,,,8.14,3.47,30.52,,3.59,39.58,22.83,0.101,,1.784,2.208,8.528,1.387,1.33006,1.397344,1.55667,0.902234953,0.086248703,0.87827,0.084493,0.99522264,0.092530996,0.0923021,0.9438565
129,TP3,C,6_9,LMT,60,100,40,13.65,,,,,,,1.07,0.77,,0.53,,,0.57,0.24,,3.34,,2.51,0.45,,0.41,0.37,,0.32,,0.82,,,,,0.65,0.43,,,,0.43,,,0.74,,,,,,,,,,,,,,27.52,24.47,,26.37,7.29,1.78,4.8,,,7.78,2.36,19.95,,,41.26,36.43,0.039,,3.577,3.431,,0.937,1.66,1.548,1.67,0.729470971,0.069906246,0.705,0.069,0.668007183,0.063458126,0.074991,0.7443848
130,TP3,C,7_8,CMT,0,15,15,35.65,,,0.33,,,,3.14,1.66,0.26,1.16,,0.48,2.25,0.96,,8.4,,3.74,0.67,,0.81,0.78,0.34,0.94,0.25,0.54,0.21,,,0.41,2.37,1.98,0.53,0.24,,0.79,,,1.67,,,,,,0.34,,,,,0.2,,0.19,15.51,27.96,1.14,23.07,15.65,2.68,6.66,,,7.32,3.72,31.88,,1.59,41.27,21.54,0.073,,1.68,1.966,21.834,1.623,1.19,1.408,1.5,1.040739142,0.105631222,1.05,0.1145,1.033564023,0.09826346,0.1023318,1.0399656
131,TP3,C,7_8,CMT,15,60,45,19.76,,,,,,,1.78,1.1,,0.64,,,1.13,0.49,,5.07,,2.83,0.51,,0.53,0.49,,0.5,,0.62,,,,,1.15,1,0.29,,,0.54,,,1.09,,,,,,,,,,,,,,20.17,25.66,,25.54,12.27,2.49,5.83,,,8.05,3.35,27.32,,,42.2,27.13,0.048,,2.25,2.361,,1.342,1.23671,1.463338,1.53669,0.861727418,0.08292951,0.88494,0.0843275,0.843819434,0.080325576,0.0836407,0.8438214
132,TP3,C,7_8,CMT,60,100,40,13.81,,,,,,,1,0.71,,0.51,,,0.7,0.26,,3.71,,1.96,0.49,,0.38,0.32,,0.32,,0.89,,,,,0.73,0.69,,,,0.38,,,0.75,,,,,,,,,,,,,,23.45,26.87,,24.76,10.04,1.91,5.26,,,7.71,2.61,24.27,,,41.05,32.07,0.04,,2.716,2.793,,1.302,1.65,1.732,1.65,0.698158728,0.066594803,0.67,0.0665,0.688338334,0.065092309,0.0720059,0.7099294
133,TP3,C,8_8,OMT,0,15,15,67.74,,0.53,0.58,0.6,,,6.46,3.28,0.44,2.05,,1.04,4.7,2.61,,10.13,,7.17,0.65,0.27,1.57,1.57,0.55,1.92,0.41,0.81,0.37,,,1.24,5.02,5.28,1.31,0.64,,1.49,,,3.39,0.24,,,,0.3,0.38,0.26,,,,0.22,,0.25,15.87,18.33,1.83,25.07,19.45,3.85,7.41,,0.36,7.84,4.71,33.41,0.44,2.24,39.77,19.43,0.096,0.007,1.5,1.325,14.04,1.88,1.17,1.462,1.5,0.910222348,0.088700152,1.015,0.11,1.316441211,0.140785278,0.1498552,1.318705
134,TP3,C,8_8,OMT,15,60,45,34.56,,0.24,0.31,,,,3.13,1.91,0.26,1.15,,0.49,2.21,1.06,,6.17,,4.35,0.66,,0.84,0.87,0.29,0.98,0.21,0.67,0.21,,,0.51,2.22,2.26,0.47,0.24,,0.82,,,1.83,,,,,,0.22,,,,,,,,18.2,20.74,1.46,25.46,16.55,3.07,6.41,,,8.1,3.88,31.1,,1.85,40.21,22.96,0.08,,1.771,1.701,17.777,1.593,1.43015,1.43268,1.34998,0.801445164,0.076645309,0.94988,0.0979815,0.867582549,0.090492171,0.0934998,0.9114473
135,TP3,C,8_8,OMT,60,100,40,18.06,,,,,,,1.25,0.93,,0.62,,,1.01,0.41,,4.92,,2.49,0.46,,0.47,0.42,,0.4,,0.73,,,,0.27,1.06,1,,,,0.45,,,0.86,,,,,,,0.32,,,,,,,22.06,27.25,1.49,22.92,11.14,2.26,5.88,,,6.99,3.11,24.93,,2.05,39.6,30.32,0.08,,2.48,2.471,12.934,1.593,1.58,1.656,1.57,0.719813653,0.072848555,0.67,0.069,0.658110114,0.066944842,0.0791557,0.7693228
106,TP3,T,8_9,CMT,0,15,15,44.8,,0.35,0.46,0.35,,,4.44,2.4,0.34,1.57,,0.68,3.1,1.37,,6.93,,4.41,0.73,,1.11,1.04,0.48,1.35,0.31,0.54,0.3,,,0.81,3.26,3.1,0.77,0.43,,0.9,,,2.55,,,,,,0.29,,,,,0.17,,0.23,14.68,19.52,1.81,26.78,18.15,3.07,7.28,,,8.71,3.81,33.38,,2.25,42.31,18.25,0.08,,1.543,1.539,15.71,1.59,1.33,1.226,1.55,0.858854266,0.084497106,0.87,0.0915,0.95355866,0.094536268,0.0922642,0.9475903
107,TP3,T,8_9,CMT,15,60,45,18.17,,,0.2,,,,1.67,1.14,,0.65,,0.29,1.14,0.44,,3.49,,2.38,0.49,,0.49,0.49,,0.47,,0.57,,,,0.18,1.18,0.97,0.22,,,0.46,,,0.91,,,,,,,0.32,,,,,,,20.58,20.33,0.98,27.11,14.49,2.41,6.52,,,7.59,3.02,27.71,,1.23,42.21,25.83,0.061,,2.16,1.911,23.961,1.536,1.49672,1.394656,1.53667,0.720421366,0.069980218,0.743315,0.0721645,0.777452907,0.074928051,0.0644563,0.7035228
108,TP3,T,8_9,CMT,60,100,40,11.88,,,,,,,0.82,0.57,,0.44,,,0.44,,,4.84,,1.54,0.32,,0.34,0.29,,,,0.7,,,,,0.4,0.26,,,,,,,0.62,,,,,,,0.29,,,,,,,21.28,40.75,,23.49,5.92,,3.34,,,5.21,,18.79,,,45.29,35.92,,,4.022,6.644,,1.135,1.58,1.532,1.58,0.702836704,0.065432037,0.685,0.067,0.70649449,0.068500803,0.0705767,0.7044216
136,TP4,T,1_1,LMT,0,15,15,31.03,,,0.26,,,,2.66,1.43,,0.91,,0.56,1.94,0.86,,6.7,,4.59,0.67,,0.7,0.7,,0.74,0.18,0.86,,,,0.29,1.85,1.71,0.49,,,0.78,,,1.91,,,,,,0.24,,,,,,,,20.07,23.78,0.94,22.78,15.13,2.78,5.97,,,8.55,3.64,31.07,,1.23,37.72,26.33,0.071,,1.809,1.859,25.381,1.377,1.12,1.17,1.55,1.015478204,0.098271327,1.07,0.106,1.210490455,0.131219716,0.1104975,1.105959
137,TP4,T,1_1,LMT,15,60,45,29.1,,,,,,,2.14,1.24,,0.81,,0.47,1.69,0.71,,7.24,,3.99,0.58,,0.63,0.69,,0.72,0.2,0.94,,,,0.51,1.53,1.5,0.47,,,0.71,,,1.63,,,,,,0.27,0.43,,,,,,,20.88,26.49,1.76,20.93,14.18,2.43,5.25,,,8.09,3.31,30.29,,2.4,35.61,28.4,0.087,,1.878,2.078,12.397,1.354,1.41004,1.520038,1.63003,0.855848006,0.081509021,0.85994,0.0813275,0.909943222,0.089479218,0.0730377,0.7311455
138,TP4,T,1_1,LMT,60,100,40,14.52,,,,,,,0.74,0.52,,0.48,,,0.53,,,6.06,,2.04,0.36,,0.36,,,,,1,,,,,0.65,0.41,,,,,,,0.57,,,,,,,0.8,,,,,,,26.48,41.75,,16.94,6.45,,4.45,,,3.93,,17.82,,,36.72,45.46,,,4.182,5.158,,1.638,1.68,1.6825,1.69,0.680454562,0.062965756,0.625,0.061,0.597170284,0.05657919,0.0522618,0.4870188
139,TP4,C,1_2,OMT,0,15,15,106.3,0.78,0.9,0.89,1.38,0.24,0.34,6.87,4.12,0.66,2.39,,2.14,11.7,5.14,,15.75,,7.89,0.92,0.56,1.59,1.67,1.07,2.69,0.6,0.77,0.46,,0.83,5.79,7.61,11.42,1.01,0.64,,1.59,,,3.2,,0.47,,,0.51,0.51,,,0.29,0.24,0.26,,0.37,10.68,18.65,5.45,20.31,26.21,4.84,7.16,,1.16,5.55,5.95,39.03,1.43,6.7,33.76,13.13,0.175,0.023,0.976,0.913,5.78,3.921,1.48,1.414,1.5,1.033159719,0.099281514,1.175,0.126,1.415542441,0.148285388,0.1543357,1.393445
140,TP4,C,1_2,OMT,15,60,45,32.04,,,0.24,,,,2.45,1.54,,0.92,,0.52,2.3,0.95,,6.89,,4.33,0.62,,0.67,0.69,0.24,0.81,0.18,0.86,,,,0.46,1.74,1.9,0.4,,,0.76,,,1.78,0.19,,,,,0.26,0.31,,,,,,,19.53,23.64,1.44,21.52,16.77,2.98,5.44,,0.6,8.08,3.9,32.54,0.79,1.88,35.31,25.57,0.085,0.013,1.652,1.676,12.335,1.627,1.3467,1.442714,1.53335,0.855026483,0.081947245,0.99151,0.1023125,0.970355705,0.094329497,0.0840208,0.8374845
141,TP4,C,1_2,OMT,60,100,40,11.76,,,,,,,0.66,0.43,,0.44,,,0.7,,,3.87,,1.84,0.31,,0.32,0.25,,,,0.88,,,,,0.53,0.4,,,,,,,0.58,,,,,,,0.53,,,,,,,27.74,32.96,,20.51,9.37,,4.52,,,4.9,,21.29,,,37.33,41.38,,,3.38,3.658,,1.913,1.65,1.656,1.65,0.62005,0.065,0.67,0.0655,0.701252258,0.067365221,0.0515666,0.52167
142,TP4,T,1_3,CMT,0,15,15,50.64,,0.32,0.45,0.47,,,3.76,2.14,0.31,1.21,,1.05,5.32,1.95,,8.18,,4.99,0.55,0.33,0.93,0.97,0.54,1.65,0.3,0.61,0.27,,0.3,1.1,3.27,4.5,0.55,0.34,,0.87,,,1.78,0.4,,,,,0.34,0.5,,,,0.19,,0.21,14.98,19.69,2.16,21.68,23.61,3.85,6.46,,0.8,6.76,4.79,37.82,1,2.69,35.04,18.66,0.104,0.016,1.207,1.115,11.448,2.866,1.1,1.376,1.48,1.086029283,0.101397259,0.995,0.104,1.090268058,0.101282163,0.0869158,0.8948328
143,TP4,T,1_3,CMT,15,60,45,22.01,,,0.22,,,,1.63,1.08,,0.61,,0.36,1.22,0.48,,5.82,,3.18,0.57,,0.5,0.49,,0.47,,0.76,,,,,1.08,1,0.28,,,0.48,,,1.21,,,,,,0.22,0.34,,,,,,,21.64,28.44,,22.16,13.02,2.17,4.89,,,7.67,3.03,28.92,,,37.81,30.25,0.045,,2.117,2.39,,1.316,1.6,1.444692,1.5567,0.862175925,0.082109341,0.88328,0.085162,0.906186743,0.086781421,0.0675754,0.6770732
144,TP4,T,1_3,CMT,60,100,40,14.47,0.88,,,,,,0.73,0.5,,0.47,,,0.58,,,4.88,,1.97,0.36,,0.36,0.27,,,,0.87,,,,,0.45,0.27,,,,0.4,,,0.61,,,,,,,0.85,,,,,,,28.3,39.85,,18.71,5.85,,3.1,,,4.19,,16.7,,,36.26,47.04,,,4.68,6.264,,1.397,1.68,1.758,1.68,0.598920408,0.054671383,0.61,0.059,0.66544835,0.060859298,0.0698698,0.7888255
145,TP4,C,1_4,CMT,0,15,15,53.73,,0.4,0.42,0.54,,,3.85,2.13,0.33,1.27,,1.01,4.9,2.19,,9.83,,4.9,0.6,0.29,0.9,0.94,0.5,1.61,0.31,0.64,0.22,,,2.64,3.52,4.72,0.75,0.41,,0.86,,,1.94,0.34,,,,,0.39,,,,,0.23,,0.19,13.07,21.76,4.91,20.29,22.1,4.07,6.56,,0.64,6.61,5.2,36.69,0.81,6.27,34.32,16.71,0.163,0.013,1.162,1.181,5.906,2.71,1.28,1.336,1.48,1.04569928,0.102297432,1.04,0.1095,0.995365469,0.096372768,0.0835253,0.8569967
146,TP4,C,1_4,CMT,15,60,45,20.86,0.69,,,,,,1.44,0.91,,0.61,,0.3,1.07,0.43,,5.66,,2.79,0.48,,0.49,0.45,,0.48,,0.81,,,,,0.95,0.93,0.25,,,0.5,,,1.04,,,,,,0.22,0.36,,,,,,,21.42,31.47,,21.01,12.19,2.08,4.58,,,7.25,3.03,28.38,,,37.33,31.26,0.046,,2.182,2.661,,1.321,1.51679,1.426058,1.49335,0.829113291,0.081089788,0.84159,0.0816605,0.760401511,0.077620851,0.0628319,0.5999658
147,TP4,C,1_4,CMT,60,100,40,12.37,1.14,,,,,,0.54,0.38,,0.35,,,0.43,,,5.65,,1.45,0.4,,0.27,,,,,0.61,,,,,0.44,0.28,,,,,,,0.43,,,,,,,,,,,,,,16.69,54.89,,15.68,5.72,,3.54,,,3.49,,20.42,,,42.59,36.99,,,3.513,7.271,,1.636,1.61,1.642,1.61,0.652204201,0.060992388,0.54,0.0565,0.555247808,0.055440554,0.0466244,0.4243401
148,TP4,T,2_3,OMT,0,15,15,96.73,0.78,0.7,0.73,1.09,0.25,0.27,6.71,3.87,0.58,2.32,,2,10.71,4.15,,13.14,,8.4,0.81,0.53,1.54,1.63,0.99,2.61,0.47,0.79,0.43,,0.83,4.25,6.9,10.33,1.46,0.63,0.24,1.1,,,3.26,,0.35,,,0.45,0.45,0.21,,0.23,,0.21,,0.34,11.95,17.25,4.39,21,26.81,4.29,7.13,0.25,0.87,6.06,5.18,40.03,1.05,5.3,33.99,14.44,0.144,0.016,1.002,0.907,7.276,3.587,1.17,1.46,1.5,0.827684079,0.083362906,1.1,0.1305,1.312461008,0.134567542,0.1453648,1.2586113
149,TP4,T,2_3,OMT,15,60,45,41.74,,0.24,0.34,0.35,,,3.32,1.99,0.27,1.14,,0.89,3.17,1.39,,7.56,,5.17,0.5,0.22,0.85,0.89,0.25,1.11,0.21,0.89,0.2,,,1.26,2.49,2.83,0.51,,,0.88,,,2.06,0.29,,,,,0.28,,,,,,,0.18,17.1,21.17,3.03,22.77,18.31,3.33,5.98,,0.7,7.6,4.23,32.87,0.89,3.84,36.47,21.7,0.118,0.015,1.539,1.461,7.401,1.892,1.41336,1.45537,1.49667,0.662087181,0.065627035,0.78988,0.0818195,0.848447815,0.078279724,0.0840347,0.7518853
150,TP4,T,2_3,OMT,60,100,40,12.91,,,,,,,0.68,0.49,,0.4,,,0.64,,,5.71,,1.59,0.36,,0.31,,,,,0.67,,,,,0.68,0.48,,,,,,,0.57,,,,,,,0.33,,,,,,,20.1,44.26,,17.29,8.65,,5.27,,,4.42,,23.45,,,40.49,36.06,,,2.861,4.22,,1.957,1.69,1.654,1.69,0.515250321,0.050151295,0.52,0.052,0.564795847,0.054663398,0.0445359,0.4326177
151,TP4,C,2_4,LMT,0,15,15,89.69,,0.67,0.73,0.95,0.24,0.24,5.9,3.49,0.57,1.9,,1.82,10.17,3.59,,13.3,6.79,,0.81,0.46,1.24,1.35,0.88,2.32,0.45,0.65,0.38,0.28,0.46,4.79,5.78,10.07,1.29,0.57,,1.3,,,2.74,0.93,0.8,,,0.54,0.48,0.2,,,,0.26,,0.3,3.45,17.95,5.34,27.06,27.6,4,6.44,,2.51,5.64,4.87,40.51,3.06,6.51,40.83,4.21,0.159,0.048,0.918,0.856,4.845,4.004,1.17,1.436,1.33,0.846769675,0.080866614,0.875,0.0885,1.027752741,0.101634464,0.0946387,0.9495032
152,TP4,C,2_4,LMT,15,60,45,25.85,,,,,,,1.79,1.34,,0.78,,0.42,1.74,0.65,,7.01,,3.18,0.47,,0.53,0.56,,0.67,,0.72,,,,0.56,1.25,1.52,0.29,,,0.53,,,1.27,0.3,,,,,0.25,,,,,,,,17.15,28.11,2.18,21.15,15.38,2.5,4.84,,1.16,7.53,3.48,31.86,1.61,3.03,36.15,23.86,0.096,0.026,1.672,1.986,6.804,1.677,1.2101,1.40002,1.50006,0.715138045,0.068999508,0.709935,0.0686605,0.670733188,0.071447222,0.0559895,0.538318
153,TP4,C,2_4,LMT,60,100,40,14.2,,,,,,,0.65,0.64,,0.47,,,0.83,,,5.99,,1.69,0.35,,0.3,,,,,0.64,,,,0.36,0.62,0.75,,,,,,,0.56,,,,,,,0.34,,,,,,,18.81,42.2,2.5,16.99,11.16,,4.37,,,3.97,,26.17,,4.33,36.95,32.54,0.069,,2.366,3.652,6.202,2.813,1.68,1.646,1.66,0.508039572,0.055047001,0.535,0.057,0.345113963,0.040388996,0.0476943,0.4623749
154,TP4,C,4_4,LMT,0,15,15,96.22,,0.85,0.8,1.12,0.24,0.3,6.42,3.81,0.66,2.16,,2.08,10.37,4.26,,14.09,6.87,,0.75,0.52,1.36,1.43,0.91,2.55,0.49,0.59,0.44,0.54,0.42,5.9,6.38,10.3,1.31,0.64,,1.24,,,3.02,0.95,0.44,,,0.67,0.49,,,0.22,,0.3,,0.33,3.02,17.84,6.13,27.04,26.65,4.42,6.63,,2.49,5.78,5.38,39.47,3.03,7.46,40.98,3.68,0.181,0.048,0.927,0.869,4.375,3.715,1.34,1.3,1.5,0.804208096,0.08143261,0.86,0.0875,0.975588216,0.095220571,0.1010803,0.9768047
155,TP4,C,4_4,LMT,15,60,45,28.6,,,0.23,,,,2.45,1.53,,0.79,,0.5,1.74,0.84,,7,,3.98,0.64,,0.64,0.64,,0.69,0.19,0.66,,,,0.33,1.68,1.5,0.37,,,0.57,,,1.39,,,,,,0.25,,,,,,,,18.23,26.77,1.16,23.39,14.36,2.93,5.89,,,7.26,4,29.53,,1.59,39.99,24.9,0.08,,1.925,2.068,19.917,1.562,1.23006,1.358654,1.5767,0.56734877,0.056880539,0.62491,0.060657,0.605666545,0.062404545,0.0588393,0.5578225
156,TP4,C,4_4,LMT,60,100,40,15.41,,,,,,,1.14,0.8,,0.53,,,0.74,0.26,,5.46,,2.06,0.38,,0.38,0.33,,0.36,,0.78,,,,,0.8,0.58,,,,0.34,,,0.47,,,,,,,,,,,,,,20.62,35.44,,23.08,8.57,1.71,5.21,,,5.38,2.65,21.6,,,43.8,31.94,0.041,,3.133,3.618,,1.593,1.46,1.378,1.46,0.432890988,0.042101619,0.445,0.044,0.423044515,0.047201647,0.0397823,0.3605159
157,TP4,T,4_5,CMT,0,15,15,55.22,0.48,0.38,0.5,0.57,,,4.2,2.4,0.35,1.28,,1.2,5.68,2.23,,8.48,5.27,,0.6,0.34,0.94,0.98,0.63,1.53,0.36,0.51,0.28,,0.32,1.62,3.83,5.13,0.57,0.35,,0.83,,,2.01,0.44,0.17,,,,0.34,,,,,0.22,,0.21,3.58,19.82,2.93,31.28,23.91,4.03,6.94,,1.1,6.41,5.03,37.82,1.37,3.65,47.67,4.47,0.119,0.021,1.15,1.079,8.663,3.054,1.08,1.346,1.52,0.876852844,0.092065015,0.88,0.0945,1.07034663,0.102719093,0.0793649,0.7696759
158,TP4,T,4_5,CMT,15,60,45,22.47,0.67,,,,,,1.69,1.14,,0.64,,0.38,1.26,0.5,,6.12,,3.06,0.52,,0.49,0.5,,0.54,,0.6,,,,,1.14,0.96,0.29,,,0.49,,,1.05,,,,,,0.23,0.22,,,,,,,19.44,31.19,,22.14,12.86,2.22,5.08,,,7.07,3.23,28.96,,,39.56,28.25,0.047,,2.086,2.531,,1.398,1.46666,1.35732,1.43665,0.629665002,0.061714655,0.689925,0.0688265,0.737311308,0.071237527,0.0568435,0.5557738
159,TP4,T,4_5,CMT,60,100,40,14.46,,,,,,,1.11,0.72,,0.51,,,0.59,,,4.75,,2.19,0.43,,0.38,0.35,,0.34,,0.83,,,,,0.88,0.42,,,,,,,0.5,,,,,,,0.44,,,,,,,23.95,32.88,,24.24,7,,6.12,,,5.82,,19.09,,,45.23,35.68,,,3.76,4.131,,1.202,1.45,1.288,1.46,0.462225447,0.044762912,0.445,0.0415,0.512099031,0.046801708,0.0375408,0.3387743
160,TP4,C,5_5,CMT,0,15,15,42.55,,0.25,0.37,0.27,,,3.22,1.81,0.27,1,,0.72,3.73,1.42,,8.83,,4.46,0.73,,0.71,0.76,0.36,1.15,0.26,0.59,0.22,,,1.19,2.7,3.23,0.53,0.24,,0.71,,,1.61,0.23,,,,,0.36,0.25,,,,0.19,,0.19,15.18,24.62,2.79,20.54,20.15,3.34,6.35,,0.54,6.48,4.43,35.34,0.72,3.7,35.67,20.14,0.114,0.012,1.341,1.409,8.954,2.525,1.36,1.384,1.52,0.98218033,0.100638746,0.98,0.1075,0.979631885,0.093880553,0.0831626,0.8329393
161,TP4,C,5_5,CMT,15,60,45,23.87,,,,,,,1.82,1.19,,0.6,,0.42,1.33,0.6,,6.9,,3.11,0.52,,0.49,0.5,,0.51,,0.62,,,,0.29,1.3,1.18,0.28,,,0.49,,,1.13,,,,,,0.28,0.34,,,,,,,19.08,30.04,1.2,21.42,13.46,2.52,5.43,,,6.85,3.61,29.02,,1.71,38.39,27.27,0.079,,1.995,2.301,17.859,1.536,1.21009,1.402012,1.52334,0.797387577,0.079127273,0.79329,0.0774955,0.728979778,0.073798885,0.0630676,0.6269411
162,TP4,C,5_5,CMT,60,100,40,13.31,,,,,,,0.86,0.65,,0.44,,,0.74,,,5.12,,1.99,0.47,,0.34,0.29,,,,0.7,,,,,0.65,0.36,,,,,,,0.49,,,,,,,0.23,,,,,,,21.94,38.45,,22.84,8.23,,4.87,,,3.67,,19.34,,,45.01,35.65,,,3.762,4.41,,2.243,1.53,1.466,1.53,0.653463183,0.062597602,0.615,0.061,0.635436776,0.06177396,0.0536099,0.5317283
163,TP4,T,6_3,LMT,0,15,15,85.82,,0.6,0.68,0.97,0.24,0.22,6.04,3.39,0.57,2.05,,1.75,8.48,3.18,,13.02,,7.18,0.84,0.49,1.37,1.46,0.9,2.31,0.49,0.76,0.41,0.28,0.4,3.76,6.03,8.37,1.41,0.52,0.24,1.41,,,2.94,0.73,0.29,0.18,,0.43,0.5,0.21,,0.17,,0.27,,0.29,12.22,18.42,4.39,20.77,24.87,3.7,7.02,0.28,2.2,6.11,4.54,38.33,2.7,5.38,34.07,14.99,0.139,0.043,1.065,0.959,5.401,3.213,1.22,1.242,1.46,0.936359476,0.09165637,0.985,0.0985,1.210654831,0.11834364,0.104722,1.043112
164,TP4,T,6_3,LMT,15,60,45,26.59,,,0.28,,,,2.3,1.36,,0.72,,0.46,1.73,0.76,,6.12,,3.73,0.72,,0.57,0.62,,0.71,,0.6,,,,0.27,1.56,1.49,0.35,,,0.59,,,1.4,,,,,,0.23,,,,,,,,18.48,24.98,1.03,23.64,15.2,2.86,5.88,,,7.93,3.82,30.82,,1.38,39.35,24.63,0.074,,1.821,1.917,23.152,1.531,1.44668,1.526004,1.57337,0.860775163,0.078048879,0.863305,0.0796625,0.939242861,0.088937768,0.0723249,0.7379503
165,TP4,T,6_3,LMT,60,100,40,14.29,,,,,,,0.93,0.66,,0.48,,,0.87,0.22,,4.38,,2.21,0.42,,0.36,0.34,,0.26,,0.68,,,,0.25,0.7,0.5,,,,0.38,,,0.66,,,,,,,,,,,,,,22.89,30.68,1.75,22.28,9.54,1.56,4.89,,,6.41,2.25,23,,2.52,39.2,33.03,0.077,,2.833,3.127,9.137,1.489,1.57,1.458,1.57,0.740420946,0.06706306,0.675,0.0675,0.718814995,0.068686935,0.0540244,0.5280232
166,TP4,T,6_4,OMT,0,15,15,104.05,0.46,0.71,0.84,1.05,0.25,0.25,7.18,4.05,0.65,2.39,,2.03,10.66,3.91,,13.95,,9.2,0.94,0.53,1.74,1.76,1.13,2.72,0.66,0.93,0.44,,0.85,4.27,7.73,10.39,1.4,0.63,,1.62,0.23,,3.45,1.31,0.92,,0.49,0.29,0.52,0.38,,0.26,0.17,0.33,,0.39,12.68,17.11,4.1,20.62,24.88,3.75,7.43,,3.49,5.93,4.53,37.17,4.21,4.95,33.84,15.3,0.135,0.069,1.081,0.886,4.748,3.409,1.29,1.296,1.54,1.05614835,0.104195579,1.205,0.132,1.49540516,0.146202908,0.1529129,1.3767548
167,TP4,T,6_4,OMT,15,60,45,31.16,,,0.26,,,,2.76,1.55,,0.86,,0.57,2.11,0.92,,6.63,,4.42,0.66,,0.67,0.71,,0.85,,0.76,,,,0.39,1.93,1.85,0.38,,,0.68,,,1.73,,,,,,0.26,0.22,,,,,,,19.53,22.92,1.24,23.12,15.79,2.95,6.19,,,8.26,3.83,31.2,,1.61,38.03,25.33,0.079,,1.773,1.763,20.044,1.541,1.49009,1.454008,1.49667,0.869436719,0.082618824,0.969865,0.099317,0.999681511,0.093948494,0.0807584,0.8124462
168,TP4,T,6_4,OMT,60,100,40,,,,,,,,,,,,,,,,,,,,,,,,,,,,,,,,,,,,,,,,,,,,,,,,,,,,,,,,,,,,,,,,,,,,,,,,,,,,1.59,1.6,1.59,0.668272708,0.066032449,0.62,0.0615,0.655909742,0.061594302,0.053461,0.5401851
169,TP4,C,6_5,OMT,0,15,15,103.17,0.57,0.81,0.91,1.35,0.27,0.31,7.23,4.01,0.6,2.36,,2.18,10.87,4.95,,14.35,,8.4,0.97,0.52,1.61,1.64,1.01,2.75,0.52,0.76,0.42,,0.83,4.49,7.74,10.13,1.47,0.66,,1.58,,,3.21,0.89,0.39,,,0.54,0.51,0.25,,0.28,0.16,0.3,,0.34,11.72,17.56,4.35,20.97,25.39,4.8,7.5,,1.93,5.78,5.82,37.82,2.34,5.27,34.54,14.21,0.155,0.037,1.048,0.896,6.004,3.518,1.49,1.342,1.51,0.957251521,0.096802773,1.09,0.1185,1.368947539,0.149787575,0.140329,1.254163
170,TP4,C,6_5,OMT,15,60,45,37.06,,,0.31,,,,3.03,1.62,0.24,1.04,,0.76,2.61,1.13,,7.73,,5.22,0.66,,0.75,0.8,,0.87,0.25,0.82,,,,0.61,2.29,2.26,0.49,,,0.81,,,1.82,0.26,,,,,0.31,0.2,,,,0.17,,,19.04,24.32,1.65,21.29,16.49,3.06,6.18,,0.71,7.26,4.04,31.39,0.94,2.18,36.29,25.15,0.092,0.016,1.697,1.658,10.895,1.809,1.53346,1.37869,1.51668,0.790220221,0.079622455,0.94486,0.0991465,0.881143911,0.090102724,0.085855,0.8131171
171,TP4,C,6_5,OMT,60,100,40,14.13,,,,,,,0.81,0.58,,0.49,,,0.5,,,4.9,,2.02,0.51,,0.36,0.32,,0.27,,0.95,,,,,0.59,0.41,,,,0.42,,,0.73,,,,,,,0.28,,,,,,,25.92,34.71,,21.69,6.42,,4.21,,,7.05,,20.63,,,39.67,39.7,,,3.534,4.964,,0.912,1.69,1.578,1.7,0.64058041,0.062188082,0.625,0.0605,0.61150745,0.063620448,0.0518985,0.4981669
172,TP4,T,6_7,LMT,0,15,15,79.14,,0.55,0.66,0.8,0.19,,5.82,3.13,0.56,1.92,,1.51,7.94,2.91,,11.8,,6.82,0.81,0.45,1.36,1.43,0.77,2.16,0.43,0.8,0.38,0.48,0.26,3.98,5.7,7.37,1.37,0.47,,1.32,,,2.69,0.58,0.3,,,0.39,0.44,,,,,0.27,,0.33,12.36,18.3,5.03,20.87,24.45,3.68,7.2,,1.96,6.13,4.5,37.44,2.4,6.16,34.36,15.13,0.15,0.039,1.087,0.981,5.052,3.156,1.22,1.27,1.37,0.990451705,0.094633741,1.025,0.1,1.229662596,0.113602656,0.0975589,0.9873756
173,TP4,T,6_7,LMT,15,60,45,21.09,,,,,,,1.8,1.17,,0.65,,0.4,1.35,0.56,,3.83,,3.25,0.5,,0.5,0.59,,0.57,,0.81,,,,0.22,1.19,1.16,0.31,,,0.59,,,1.26,,,,,,,0.37,,,,,,,23.84,18.18,1.04,24.73,15.25,2.64,5.65,,,8.67,3.22,29.24,,1.27,37.14,29.13,0.068,,2.03,1.721,22.661,1.372,1.40003,1.412704,1.40335,0.815473685,0.076904735,0.85327,0.0786595,0.897909716,0.085312604,0.0614854,0.6429179
174,TP4,T,6_7,LMT,60,100,40,12.17,,,,,,,0.69,0.49,,0.47,,,0.61,,,3.59,,1.75,0.36,,0.34,0.28,,0.3,,0.87,,,,,0.61,0.33,,,,0.39,,,0.71,,,,,,,0.39,,,,,,,27.91,29.48,,21.61,7.74,,5.01,,,8.25,,22.68,,,37.74,39.58,,,3.097,3.774,,0.939,1.64,1.646,1.64,0.639733401,0.060054454,0.61,0.063,0.635263592,0.062940846,0.0474714,0.4668606
175,TP4,T,6_8,OMT,0,15,15,94.19,0.34,0.72,0.76,1.13,0.26,0.27,6.78,3.92,0.53,2.24,,1.8,9.67,4.09,,12.14,,8.39,0.81,0.51,1.56,1.7,0.9,2.49,0.5,0.89,0.42,,0.73,4.11,7.06,9.4,1.46,0.58,,1.53,,,3.29,0.85,0.35,,,0.67,0.5,,,0.18,,0.28,,0.39,12.52,16.4,4.36,21.63,25.38,4.34,7.5,,1.73,6.14,5.19,37.69,2.07,5.22,34.84,14.98,0.145,0.033,1.084,0.902,6.105,3.3,1.08,1.3,1.58,1.035520437,0.099905484,1.275,0.139,1.433269697,0.138909915,0.1395429,1.3080921
176,TP4,T,6_8,OMT,15,60,45,32.4,,,0.29,,,,2.75,1.7,0.23,0.9,,0.71,2.45,0.96,,5.56,,4.71,0.59,,0.74,0.82,0.27,0.92,0.22,0.8,,,,0.63,1.97,2.12,0.43,,,0.76,,,1.61,0.25,,,,,,,,,,,,,19.39,19.41,1.95,23.17,18.46,2.96,6.07,,0.77,7.81,3.68,32.6,0.96,2.42,36.28,24.06,0.089,0.016,1.62,1.442,10.076,1.803,1.35672,1.388678,1.54667,0.906956251,0.087602135,0.98155,0.098653,1.161528208,0.10934877,0.0722941,0.7405581
177,TP4,T,6_8,OMT,60,100,40,14.28,,,,,,,1,0.75,,0.55,,,0.93,0.23,,3.63,,2.53,0.37,,0.38,0.37,,0.28,,0.85,,,,,0.7,0.48,,,,0.42,,,0.8,,,,,,,,,,,,,,26.63,25.42,,23.99,9.9,1.63,4.89,,,7.54,2.18,23.38,,,38.72,35.71,0.035,,2.903,2.852,,1.313,1.63,1.588,1.63,0.699404365,0.065717602,0.715,0.0675,0.794549867,0.0690473,0.0542779,0.5626414
178,TP4,C,6_9,LMT,0,15,15,90.74,0.38,0.73,0.78,1.01,0.22,0.23,6.15,3.55,0.59,2.08,,1.87,9.98,3.84,,12.14,,7.22,0.78,0.49,1.33,1.48,0.89,2.38,0.47,0.79,0.43,,0.88,4.47,6.44,9.6,1.5,0.55,,1.47,,,2.97,0.86,0.32,,,0.64,0.48,,,0.16,,0.29,,0.32,11.52,17,4.93,20.62,26.98,4.23,7.09,,1.73,5.9,5.09,39.61,2.08,5.93,33.39,13.88,0.152,0.033,0.978,0.871,5.758,3.657,1.2,1.286,1.56,0.976663823,0.097076156,1.06,0.1085,1.132776689,0.103266248,0.1032656,1.0851314
179,TP4,C,6_9,LMT,15,60,45,33.51,,,0.24,,,,2.44,1.52,,0.83,,0.52,3.05,0.73,,6.98,,4.08,0.51,,0.61,0.69,,0.69,,0.81,,,,1.84,1.69,2.76,0.53,,,0.67,,,1.41,,,,,,0.2,0.71,,,,,,,18.69,22.17,5.48,19.69,20.46,2.19,5.05,,,6.27,2.81,34.35,,7.04,31.79,24.01,0.149,,1.436,1.456,5.055,2.761,1.33006,1.397344,1.55667,0.902234953,0.086248703,0.87827,0.084493,0.99522264,0.092530996,0.0700497,0.7374656
180,TP4,C,6_9,LMT,60,100,40,12.66,,,,,,,0.79,0.53,,0.54,,,0.8,0.2,,3.1,,2.02,0.34,,0.33,0.28,,0.24,,0.77,,,,0.19,0.56,0.36,,,,0.34,,,0.69,,,,,,,0.56,,,,,,,29.21,24.49,1.53,22.24,9.15,1.59,4.39,,,7.4,2.1,21.92,,2.03,35.26,38.69,0.072,,3.108,2.91,9.877,1.236,1.66,1.548,1.67,0.729470971,0.069906246,0.705,0.069,0.668007183,0.063458126,0.0523092,0.5458656
181,TP4,C,7_8,CMT,0,15,15,42.52,,0.29,0.4,0.46,,,3.43,1.79,0.29,1.14,,0.78,4.11,1.51,,6.14,,4.7,0.79,,0.77,0.8,0.37,1.26,0.27,0.65,0.22,,,1.99,2.78,3.23,0.54,0.26,,0.78,,,1.67,0.27,,,,,0.23,0.44,,,,,,0.15,16.6,17.6,4.67,22.26,21.24,3.56,6.53,,0.63,6.9,4.32,34.15,0.77,5.67,34.94,20.14,0.145,0.013,1.381,1.155,5.902,2.501,1.19,1.408,1.5,1.040739142,0.105631222,1.05,0.1145,1.033564023,0.09826346,0.0800654,0.893525
182,TP4,C,7_8,CMT,15,60,45,17.73,,,,,,,1.56,1.09,,0.58,,0.31,1.04,0.42,,3.52,,2.87,0.49,,0.44,0.47,,0.46,,0.77,,,,,0.89,0.89,0.22,,,0.52,,,0.95,,,,,,,0.22,,,,,,,24.74,19.85,,26.16,13.91,2.39,5,,,7.95,2.99,27.27,,,38.88,30.87,0.045,,2.329,2.031,,1.371,1.23671,1.463338,1.53669,0.861727418,0.08292951,0.88494,0.0843275,0.843819434,0.080325576,0.0618854,0.6711456
183,TP4,C,7_8,CMT,60,100,40,10.42,,,,,,,0.64,0.43,,0.41,,,0.79,,,2.62,,1.87,0.33,,0.28,0.24,,,,0.82,,,,,0.58,0.45,,,,,,,0.57,,,,,,,0.38,,,,,,,29.53,25.16,,22.35,11.89,,5.6,,,5.47,,23.19,,,37.35,39.46,,,2.989,2.536,,2.173,1.65,1.732,1.65,0.698158728,0.066594803,0.67,0.0665,0.688338334,0.065092309,0.0489144,0.5011391
184,TP4,C,8_8,OMT,0,15,15,96.97,0.35,0.77,0.79,1.18,0.29,0.28,7.61,4.03,0.56,2.42,,1.92,9.66,4.33,,11.93,,9.21,0.84,0.56,1.63,1.77,0.86,2.53,0.51,0.9,0.46,,0.74,3.72,7.02,9.64,1.52,0.64,,1.28,,,3.71,0.93,0.31,,,0.67,0.39,0.26,,0.2,,0.22,,0.35,13.15,15.58,3.84,22.5,25.02,4.46,7.23,,1.78,6.44,5.29,37.26,2.11,4.55,35.22,15.58,0.137,0.033,1.133,0.912,6.533,3.092,1.17,1.462,1.5,0.910222348,0.088700152,1.015,0.11,1.316441211,0.140785278,0.1418898,1.2686676
185,TP4,C,8_8,OMT,15,60,45,24.16,,,,,,,1.87,1.42,,0.79,,0.43,1.55,0.67,,4.75,,3.49,0.45,,0.55,0.6,,0.6,,0.79,,,,0.75,1.31,1.64,0.29,,,0.58,,,1.35,,,,,,,0.26,,,,,,,21.21,19.67,3.1,23.49,16.2,2.79,5.43,,,8.1,3.47,30.26,,3.86,36,26.41,0.111,,1.839,1.691,7.878,1.633,1.43015,1.43268,1.34998,0.801445164,0.076645309,0.94988,0.0979815,0.867582549,0.090492171,0.0697431,0.6818546
186,TP4,C,8_8,OMT,60,100,40,11,,,,,,,0.71,0.51,,0.44,,,0.64,,,2.86,,1.83,0.35,,0.32,0.27,,,,0.91,,,,,0.5,0.41,,,,0.3,,,0.58,,,,,,,0.38,,,,,,,31.07,26.04,,23.52,9.51,,4.59,,,5.27,,19.99,,,38,42.01,,,3.693,3.291,,1.804,1.58,1.656,1.57,0.719813653,0.072848555,0.67,0.069,0.658110114,0.066944842,0.0522213,0.5029974
187,TP4,T,8_9,CMT,0,15,15,56.29,,0.38,0.48,0.57,,,4.41,2.3,0.33,1.25,,1.18,5.61,2.52,,7.58,,5.56,0.6,0.26,0.91,0.95,0.5,1.64,0.25,0.61,0.27,,0.3,3.8,3.94,4.71,0.65,0.38,,0.83,,,2.07,0.47,,,,,0.27,0.36,,,,0.18,,0.19,14.23,16.47,6.75,21.18,22.46,4.48,7,,0.84,6.59,5.36,34.78,1.01,8.08,33.74,17.03,0.198,0.017,1.219,1.01,4.472,2.781,1.33,1.226,1.55,0.858854266,0.084497106,0.87,0.0915,0.95355866,0.094536268,0.0745456,0.7654489
188,TP4,T,8_9,CMT,15,60,45,18.08,,,,,,,1.71,1.04,,0.59,,0.35,1.23,0.48,,3.39,,3,0.46,,0.45,0.46,,0.45,,0.66,,,,,1.09,0.95,0.26,,,0.46,,,1.05,,,,,,,,,,,,,,22.82,18.76,,26.03,15.44,2.63,6.01,,,8.31,3.24,29.23,,,39.44,28.09,0.047,,2.057,1.755,,1.45,1.49672,1.394656,1.53667,0.720421366,0.069980218,0.743315,0.0721645,0.777452907,0.074928051,0.0580596,0.5925634
189,TP4,T,8_9,CMT,60,100,40,11.49,,,,,,,0.85,0.61,,0.5,,,0.91,,,2.63,,1.88,0.42,,0.36,0.31,,,,0.98,,,,,0.68,0.37,,,,0.32,,,0.66,,,,,,,,,,,,,,27.61,22.9,,26.58,11.2,,5.96,,,5.76,,21.99,,,42.2,35.8,,,3.196,2.671,,1.944,1.58,1.532,1.58,0.702836704,0.065432037,0.685,0.067,0.70649449,0.068500803,0.0466668,0.5106318
